#,GG,Games,Start,End,Unique,Individual Titles,Suggestions
,,,,,490,480,Email
551,,Turmoil,1/9/2025,1/16/2025,,,
550,,Hell Let Loose,1/2/2025,1/9/2025,,,
549,,Kingdom Come: Deliverance,1/1/2025,1/2/2025,,"Happy New Year, y‚Äôall! ü•≥üéâ",
548,‚≠ê,Sifu,12/31/2024,1/1/2025,,,
547,,[Redacted],12/30/2024,12/31/2024,,,
546,,Orcs Must Die! 3,12/29/2024,12/30/2024,,,
545,,Kill Knight,12/28/2024,12/29/2024,,,
544,‚≠ê,Hot Wheels Unleashed,12/27/2024,12/28/2024,,,
543,‚≠ê,Ghostrunner 2,12/26/2024,12/27/2024,,,
542,‚≠ê,Control,12/25/2024,12/26/2024,,,
541,‚≠ê,Dredge,12/24/2024,12/25/2024,,,
540,,Dark and Darker: Legendary Status,12/23/2024,12/24/2024,,,
539,,Wizard of Legend,12/22/2024,12/23/2024,,,
538,,TerraTech,12/21/2024,12/22/2024,,,
537,,Astrea: Six-Sided Oracles,12/20/2024,12/21/2024,,,
536,,Vampire Survivors,12/19/2024,12/20/2024,,,
535,,The Lord of the Rings: Return to Moria,12/12/2024,12/19/2024,,,
534,‚≠ê,Lego Star Wars: The Skywalker Saga,12/5/2024,12/12/2024,,,
533,,Bus Simulator 21 Next Stop,12/5/2024,12/12/2024,,,
532,‚≠ê,Brotato,11/28/2024,12/5/2024,,,
531,,Beholder,11/21/2024,11/28/2024,,,
530,,Snakebird Complete,11/14/2024,11/21/2024,,,
529,,Castlevania Anniversary Collection,11/14/2024,11/21/2024,,,
528,,Deceive Inc.,11/7/2024,11/14/2024,,,
527,,Apex Legends: Ash Free Unlock Bundle,11/7/2024,11/14/2024,,,
526,‚≠ê,Ghostwire: Tokyo,10/31/2024,11/7/2024,,,
525,,Witch It,10/31/2024,11/7/2024,,,
524,,Moving Out,10/24/2024,10/31/2024,,,
523,,Kardboard Kings,10/17/2024,10/24/2024,,,
522,,Invincible Presents: Atom Eve,10/17/2024,10/24/2024,,,
521,,Outliver: Tribulation,10/10/2024,10/17/2024,,,
520,,Empyrion: Galactic Survival,10/10/2024,10/17/2024,,,
519,,Bear and Breakfast,10/3/2024,10/10/2024,,,
518,,The Spirit and the Mouse,9/26/2024,10/3/2024,,,
517,,The Last Stand: Aftermath,9/19/2024,9/26/2024,,,
516,‚≠ê,Toem: A Photo Adventure,9/19/2024,9/26/2024,,,
515,,Super Crazy Rhythm Castle,9/12/2024,9/19/2024,,,
514,,Rugrats: Adventures in Gameland,9/12/2024,9/19/2024,,,
513,,Sniper Ghost Warrior Contracts,9/5/2024,9/12/2024,,,
512,‚≠ê,Football Manager 2024,9/5/2024,9/12/2024,,,
511,,Wild Card Football,8/29/2024,9/5/2024,,,
510,,Fallout Classic Collection,8/29/2024,9/5/2024,,,
509,‚≠ê,The Callisto Protocol,8/22/2024,8/29/2024,,,
508,,Gigantic: Rampage Edition,8/22/2024,8/29/2024,,,
507,,World of Warships Starter Pack: Albany,8/15/2024,8/22/2024,,,
506,,Death‚Äôs Gambit: Afterlife,8/15/2024,8/22/2024,,,
505,,DNF Duel,8/8/2024,8/15/2024,,,
504,,CYGNI: All Guns Blazing,8/8/2024,8/15/2024,,,
503,,Apex Legends Conduit Free Unlock Bundle,8/8/2024,8/15/2024,,,
502,,Rawmen: Food Fighter Arena,8/1/2024,8/8/2024,,,
501,,LumbearJack,8/1/2024,8/8/2024,,,
500,,F.I.S.T.: Forged in Shadow Torch,7/25/2024,8/1/2024,,,
499,,Olympics Go! Paris 2024 Exclusive Outfits Pack,7/25/2024,8/1/2024,,,
498,,Maid of Sker,7/18/2024,7/25/2024,,,
497,,Arcade Paradise,7/18/2024,7/25/2024,,,
496,,Floppy Knights,7/11/2024,7/18/2024,,,
495,,The Falconeer,7/4/2024,7/11/2024,,,
494,,Sunless Skies: Sovereign Edition,6/27/2024,7/4/2024,,,
493,,Rumble Club Free Game of the Week Bonus,6/20/2024,6/27/2024,,,
492,,Freshly Frosted,6/20/2024,6/27/2024,,,
491,,Redout 2,6/13/2024,6/20/2024,,,
490,,Idle Champions of the Forgotten Realms,6/13/2024,6/20/2024,,,
489,‚≠ê,Marvel‚Äôs Midnight Suns,6/6/2024,6/13/2024,,,
488,,Chivalry 2,5/30/2024,6/6/2024,,,
487,,Farming Simulator 22,5/23/2024,5/30/2024,,,
486,‚≠ê,Dragon Age: Inquisition ‚Äì Game of the Year Edition,5/16/2024,5/23/2024,,,
485,,Firestone Free Offer,5/9/2024,5/16/2024,,,
484,,Circus Electrique,5/9/2024,5/16/2024,,,
483,,Orcs Must Die! 3,5/2/2024,5/9/2024,,,
482,,Cat Quest II,5/2/2024,5/9/2024,,,
481,,Lisa: Definitive Edition,4/25/2024,5/2/2024,,,
480,,Industria,4/25/2024,5/2/2024,,,
479,,Town of Salem 2,4/18/2024,4/25/2024,,,
478,,The Big Con,4/18/2024,4/25/2024,,,
477,‚≠ê,Ghostrunner,4/11/2024,4/18/2024,,,
476,,Thief,4/4/2024,4/11/2024,,,
475,‚≠ê,The Outer Worlds: Spacer‚Äôs Choice Edition,4/4/2024,4/11/2024,,,
474,,Islets,3/28/2024,4/4/2024,,,
473,,Invincible Presents: Atom Eve,3/21/2024,3/28/2024,,,
472,,Call of the Wild: The Angler,3/21/2024,3/28/2024,,,
471,,The Bridge,3/14/2024,3/21/2024,,,
470,‚≠ê,Deus Ex: Mankind Divided,3/14/2024,3/21/2024,,,
469,,Astro Duel 2,3/7/2024,3/14/2024,,,
468,,Aerial_Knight‚Äôs Never Yield,2/29/2024,3/7/2024,,,
467,,Super Meat Boy Forever,2/22/2024,2/29/2024,,,
466,,Dakar Desert Rally,2/15/2024,2/22/2024,,,
465,,Lost Castle,2/8/2024,2/15/2024,,,
464,,Doki Doki Literature Club Plus!,2/8/2024,2/15/2024,,,
463,,Doors: Paradox,2/1/2024,2/8/2024,,,
462,,Infinifactory,1/25/2024,2/1/2024,,,
461,,Love,1/18/2024,1/25/2024,,,
460,,Sail Forth,1/11/2024,1/18/2024,,,
459,‚≠ê,Marvel‚Äôs Guardians of the Galaxy,1/4/2024,1/11/2024,,,
458,‚≠ê,A Plague Tale: Innocence,1/3/2024,1/4/2024,,,
457,,20 Minutes Till Dawn,1/2/2024,1/3/2024,,,
456,,Escape Academy,1/1/2024,1/2/2024,,,
455,‚≠ê,Ghostrunner,12/31/2023,1/1/2024,,,
454,,Saints Row,12/30/2023,12/31/2023,,,
453,,Snakebird Complete,12/29/2023,12/30/2023,,,
452,,Cat Quest,12/28/2023,12/29/2023,,,
451,,Cursed to Golf,12/27/2023,12/28/2023,,,
450,,Human Resource Machine,12/26/2023,12/27/2023,,,
449,‚≠ê,The Outer Worlds: Spacer‚Äôs Choice Edition,12/25/2023,12/26/2023,,,
448,‚≠ê,Ghostwire: Tokyo,12/24/2023,12/25/2023,,,
447,‚≠ê,Fallout 3: Game of the Year Edition,12/23/2023,12/24/2023,,,
446,,Art of Rally,12/22/2023,12/23/2023,,,
445,,Melvor Idle,12/21/2023,12/22/2023,,,
444,,DNF Duel,12/20/2023,12/21/2023,,,
443,‚≠ê,Destiny 2: Legacy Collection,12/13/2023,12/20/2023,,,
442,,Predecessor,12/7/2023,12/13/2023,,,
441,,GigaBash,12/7/2023,12/13/2023,,,
440,,Mighty Fight Federation,11/30/2023,12/7/2023,,,
439,,Jitsu Squad,11/30/2023,12/7/2023,,,
438,,Deliver Us Mars,11/23/2023,11/30/2023,,,
437,,Surviving the Aftermath,11/16/2023,11/23/2023,,,
436,,Earthlock,11/16/2023,11/23/2023,,,
435,,Golden Light,11/9/2023,11/16/2023,,,
434,,Turnip Boy Commits Tax Evasion,11/2/2023,11/9/2023,,,
433,‚≠ê,The Evil Within 2,10/26/2023,11/2/2023,,,
432,,Tandem: A Tale of Shadows,10/26/2023,11/2/2023,,,
431,‚≠ê,The Evil Within,10/19/2023,10/26/2023,,,
430,,Eternal Threads,10/19/2023,10/26/2023,,,
429,,Q.U.B.E. Ultimate Bundle,10/12/2023,10/19/2023,,,
428,,Blazing Sails,10/12/2023,10/19/2023,,,
427,,Godlike Burger,10/5/2023,10/12/2023,,,
426,,Soulstice,9/28/2023,10/5/2023,,,
425,,Model Builder,9/28/2023,10/5/2023,,,
424,,The Forest Quartet,9/21/2023,9/28/2023,,,
423,,Out of Line,9/21/2023,9/28/2023,,,
422,,911 Operator,9/14/2023,9/21/2023,,,
421,,Spelldrifter,9/7/2023,9/14/2023,,,
420,,Cave Story+,8/31/2023,9/7/2023,,,
419,,Homeworld: Deserts of Kharak,8/24/2023,8/31/2023,,,
418,,Dodo Peak,8/17/2023,8/24/2023,,,
417,,Black Book,8/17/2023,8/24/2023,,,
416,,Orwell: Keeping an Eye on You,8/10/2023,8/17/2023,,,
415,,Europa Universalis IV,8/10/2023,8/17/2023,,,
414,,Loop Hero,8/3/2023,8/10/2023,,,
413,,Bloons TD 6,8/3/2023,8/10/2023,,,
412,,Severed Steel,7/27/2023,8/3/2023,,,
411,,Homeworld Remastered Collection,7/27/2023,8/3/2023,,,
410,,The Elder Scrolls Online,7/20/2023,7/27/2023,,,
409,,Murder by Numbers,7/20/2023,7/27/2023,,,
408,,Train Valley 2,7/13/2023,7/20/2023,,,
407,,Grime,7/6/2023,7/13/2023,,,
406,,The Dungeon of Naheulbeuk: The Amulet of Chaos,6/29/2023,7/6/2023,,,
405,,theHunter: Call of the Wild,6/22/2023,6/29/2023,,,
404,,Idle Champions of the Forgotten Realms,6/22/2023,6/29/2023,,,
403,‚≠ê,Guacamelee! 2,6/15/2023,6/22/2023,,,
402,‚≠ê,Guacamelee! Super Turbo Championship Edition,6/15/2023,6/22/2023,,,
401,,Payday 2,6/8/2023,6/15/2023,,,
400,,Midnight Ghost Hunt,6/1/2023,6/8/2023,,,
399,‚≠ê,Fallout: New Vegas Ultimate Edition,5/25/2023,6/1/2023,,,
398,‚≠ê,Death Stranding,5/18/2023,5/25/2023,,,
397,,The Sims 4 The Daring Lifestyle Bundle,5/11/2023,5/18/2023,,,
396,,Kao the Kangaroo,5/4/2023,5/11/2023,,,
395,,Horizon Chase Turbo,5/4/2023,5/11/2023,,,
394,,Against All Odds,5/4/2023,5/11/2023,,,
393,,Poker Club,4/27/2023,5/4/2023,,,
392,,Breathedge,4/27/2023,5/4/2023,,,
391,,Never Alone (Kisima Ingitchuna),4/20/2023,4/27/2023,,,
390,,Beyond Blue,4/20/2023,4/27/2023,,,
389,,Second Extinction,4/13/2023,4/20/2023,,,
388,,Mordhau,4/13/2023,4/20/2023,,,
387,,shapez,4/6/2023,4/13/2023,,,
386,,Dying Light: The Following ‚Äì Enhanced Edition,4/6/2023,4/13/2023,,,
385,,Tunche,3/30/2023,4/6/2023,,,
384,,The Silent Age,3/30/2023,4/6/2023,,,
383,,World of Warships Starter Pack: Ishizuchi,3/23/2023,3/30/2023,,,
382,,Chess Ultra,3/23/2023,3/30/2023,,,
381,,"Warhammer 40,000: Gladius ‚Äì Relics of War",3/16/2023,3/23/2023,,,
380,,Call of the Sea,3/9/2023,3/16/2023,,,
379,,Rise of Industry,3/2/2023,3/9/2023,,,
378,,Duskers,2/23/2023,3/2/2023,,,
377,,Warpips,2/16/2023,2/23/2023,,,
376,,Recipe for Disaster,2/9/2023,2/16/2023,,,
375,‚≠ê,Dishonored: Death of the Outsider,2/2/2023,2/9/2023,,,
374,,City of Gangsters,2/2/2023,2/9/2023,,,
373,,Hell Is Others,1/26/2023,2/2/2023,,,
372,,Adios,1/26/2023,2/2/2023,,,
371,,Epistory: Typing Chronicles,1/19/2023,1/26/2023,,,
370,,Gamedec: Definitive Edition,1/12/2023,1/19/2023,,,
369,,First Class Trouble,1/12/2023,1/19/2023,,,
368,,Divine Knockout,1/12/2023,1/19/2023,,,
367,,Shadow Tactics: Aiko‚Äôs Choice,1/5/2023,1/12/2023,,,
366,,Kerbal Space Program,1/5/2023,1/12/2023,,,
365,,Eximius: Seize the Frontline,12/29/2022,1/5/2023,,,
364,‚≠ê,Dishonored: Definitive Edition,12/29/2022,1/5/2023,,,
363,,Mortal Shell,12/28/2022,12/29/2022,,,
362,,Severed Steel,12/27/2022,12/28/2022,,,
361,,F.I.S.T.: Forged in Shadow Torch,12/26/2022,12/27/2022,,,
360,‚≠ê,Death Stranding,12/25/2022,12/26/2022,,,
359,‚≠ê,Metro: Last Light Redux,12/24/2022,12/25/2022,,,
358,,Encased,12/23/2022,12/24/2022,,,
357,,Fallout Tactics: Brotherhood of Steel,12/22/2022,12/23/2022,,,
356,,Fallout 2: A Post Nuclear Role Playing Game,12/22/2022,12/23/2022,,,
355,,Fallout: A Post Nuclear Role Playing Game,12/22/2022,12/23/2022,,,
354,,LEGO Builder‚Äôs Journey,12/21/2022,12/22/2022,,,
353,,Wolfenstein: The New Order,12/20/2022,12/21/2022,,,
352,,Them‚Äôs Fightin‚Äô Herds,12/19/2022,12/20/2022,,,
351,‚≠ê,Sable,12/18/2022,12/19/2022,,,
350,,Costume Quest 2,12/17/2022,12/18/2022,,,
349,,Horizon Chase Turbo,12/16/2022,12/17/2022,,,
348,,Bloons TD 6,12/15/2022,12/16/2022,,,
347,,Wildcat Gun Machine,12/8/2022,12/15/2022,,,
346,,Saints Row IV: Re-Elected,12/8/2022,12/15/2022,,,
345,,RPG in a Box,12/1/2022,12/8/2022,,,
344,,Fort Triumph,12/1/2022,12/8/2022,,,
343,,Star Wars: Squadrons,11/24/2022,12/1/2022,,,
342,,Evil Dead: The Game,11/17/2022,11/24/2022,,,
341,,Dark Deity,11/17/2022,11/24/2022,,,
340,,Epic Cheerleader Pack,11/15/2022,11/24/2022,,,
339,,Shadow Tactics: Blades of the Shogun,11/10/2022,11/17/2022,,,
338,,Alba: A Wildlife Adventure,11/10/2022,11/17/2022,,,
337,,Rising Storm 2: Vietnam,11/3/2022,11/10/2022,,,
336,,Filament,11/3/2022,11/10/2022,,,
335,,"Warhammer 40,000: Mechanicus",10/27/2022,11/3/2022,,,
334,,Saturnalia,10/27/2022,11/3/2022,,,
333,‚≠ê,Fallout 3: Game of the Year Edition,10/20/2022,10/27/2022,,,
332,,Evoland Legendary Edition,10/20/2022,10/27/2022,,,
331,,ToeJam & Earl: Back in the Groove!,10/13/2022,10/20/2022,,,
330,,Darkwood,10/13/2022,10/20/2022,,,
329,,Slain: Back from Hell,10/6/2022,10/13/2022,,,
328,,Rising Hell,10/6/2022,10/13/2022,,,
327,,The Drone Racing League,9/29/2022,10/6/2022,,,
326,,Runbow,9/29/2022,10/6/2022,,,
325,,Gloomhaven,9/22/2022,9/29/2022,,,
324,,Ark: Survival Evolved,9/22/2022,9/29/2022,,,
323,,The Captain,9/15/2022,9/22/2022,,,
322,,Spirit of the North,9/15/2022,9/22/2022,,,
321,,Realm Royale Reforged Epic Launch Bundle,9/8/2022,9/15/2022,,,
320,,Hundred Days: Winemaking Simulator,9/8/2022,9/15/2022,,,
319,,Submerged: Hidden Depths,9/1/2022,9/8/2022,,,
318,,Shadow of the Tomb Raider: Definitive Edition,9/1/2022,9/8/2022,,,
317,,Knockout City,9/1/2022,9/8/2022,,,
316,,Ring of Pain,8/25/2022,9/1/2022,,,
315,,Destiny 2: Bungie 30th Anniversary Pack,8/23/2022,8/30/2022,,,
314,,Rumbleverse Boom Boxer Content Pack,8/18/2022,8/25/2022,,,
313,,Doom 64,8/18/2022,8/25/2022,,,
312,,"Cook, Serve, Delicious! 3?!",8/11/2022,8/18/2022,,,
311,,Unrailed!,8/4/2022,8/11/2022,,,
310,,Lawn Mowing Simulator,7/28/2022,8/4/2022,,,
309,,Tannenberg,7/21/2022,7/28/2022,,,
308,,Shop Titans,7/21/2022,7/28/2022,,,
307,,Wonder Boy: The Dragon‚Äôs Trap,7/14/2022,7/21/2022,,,
306,,Killing Floor 2,7/7/2022,7/14/2022,,,
305,,Ancient Enemy,7/7/2022,7/14/2022,,,
304,,Iratus: Lord of the Dead,6/30/2022,7/7/2022,,,
303,,Hood: Outlaws & Legends,6/30/2022,7/7/2022,,,
302,,Geneforge 1 ‚Äì Mutagen,6/30/2022,7/7/2022,,,
301,,Car Mechanic Simulator 2018,6/23/2022,6/30/2022,,,
300,,A Game of Thrones: The Board Game Digital Edition,6/23/2022,6/30/2022,,,
299,,Supraland,6/16/2022,6/23/2022,,,
298,,Maneater,6/9/2022,6/16/2022,,,
297,,Wolfenstein: The New Order,6/2/2022,6/9/2022,,,
296,‚≠ê,BioShock: The Collection,5/26/2022,6/2/2022,,,
295,‚≠ê,Borderlands 3,5/19/2022,5/26/2022,,,
294,,Redout: Enhanced Edition,5/12/2022,5/19/2022,,,
293,‚≠ê,Prey,5/12/2022,5/19/2022,,,
292,,Jotun: Valhalla Edition,5/12/2022,5/19/2022,,,
291,,Terraforming Mars,5/5/2022,5/12/2022,,,
290,,Paradigm,4/28/2022,5/5/2022,,,
289,,Just Die Already,4/28/2022,5/5/2022,,,
288,,Riverbond,4/21/2022,4/28/2022,,,
287,,Amnesia: Rebirth,4/21/2022,4/28/2022,,,
286,‚≠ê,XCOM 2,4/14/2022,4/21/2022,,,
285,,Insurmountable,4/14/2022,4/21/2022,,,
284,,Rogue Legacy,4/7/2022,4/14/2022,,,
283,‚≠ê,The Vanishing of Ethan Carter,4/7/2022,4/14/2022,,,
282,‚≠ê,Total War: Warhammer,3/31/2022,4/7/2022,,,
281,,City of Brass,3/31/2022,4/7/2022,,,
280,,Demon‚Äôs Tilt,3/24/2022,3/31/2022,,,
279,,In Sound Mind,3/17/2022,3/24/2022,,,
278,,Cities: Skylines,3/10/2022,3/17/2022,,,
277,,Centipede: Recharged,3/3/2022,3/10/2022,,,
276,,Black Widow: Recharged,3/3/2022,3/10/2022,,,
275,,Dauntless Epic Slayer Kit,3/3/2022,3/10/2022,,,
274,,Cris Tales,2/24/2022,3/3/2022,,,
273,‚≠ê,Brothers: A Tale of Two Sons,2/17/2022,2/24/2022,,,
272,,Windbound,2/10/2022,2/17/2022,,,
271,,Yooka-Laylee and the Impossible Lair,2/3/2022,2/10/2022,,,
270,,Daemon X Machina,1/27/2022,2/3/2022,,,
269,,Relicta,1/20/2022,1/27/2022,,,
268,,Galactic Civilizations III,1/13/2022,1/20/2022,,,
267,,Gods Will Fall,1/6/2022,1/13/2022,,,
266,‚≠ê,Shadow of the Tomb Raider: Definitive Edition,12/31/2021,1/6/2022,,,
265,‚≠ê,Rise of the Tomb Raider: 20 Year Celebration,12/31/2021,1/6/2022,,,
264,‚≠ê,Tomb Raider Game of the Year Edition,12/31/2021,1/6/2022,,,
263,,Salt and Sanctuary,12/29/2021,12/30/2021,,,
262,,Moving Out,12/28/2021,12/29/2021,,,
261,,Mages of Mystralia,12/27/2021,12/28/2021,,,
260,‚≠ê,Control,12/26/2021,12/27/2021,,,
259,‚≠ê,Prey,12/25/2021,12/26/2021,,,
258,,Pathfinder: Kingmaker,12/24/2021,12/25/2021,,,
257,,Vampyr,12/23/2021,12/24/2021,,,
256,,Mutant Year Zero: Road to Eden,12/22/2021,12/23/2021,,,
255,,Second Extinction,12/21/2021,12/22/2021,,,
254,,Loop Hero,12/20/2021,12/21/2021,,,
253,‚≠ê,The Vanishing of Ethan Carter,12/19/2021,12/20/2021,,,
252,,Remnant: From the Ashes,12/18/2021,12/19/2021,,,
251,,Neon Abyss,12/17/2021,12/18/2021,,,
250,,Shenmue III,12/16/2021,12/17/2021,,,
249,,Prison Architect,12/9/2021,12/16/2021,,,
248,,Godfall Challenger Edition,12/9/2021,12/16/2021,,,
247,,while True: learn(),12/2/2021,12/9/2021,,,
246,,Dead by Daylight,12/2/2021,12/9/2021,,,
245,,Antstream Epic Welcome Pack,11/25/2021,12/2/2021,,,
244,,theHunter: Call of the Wild,11/25/2021,12/2/2021,,,
243,,Guild of Dungeoneering,11/18/2021,11/25/2021,,,
242,,Kid A Mnesia Exhibition,11/18/2021,11/25/2021,,,
241,,Never Alone (Kisima Ingitchuna),11/18/2021,11/25/2021,,,
240,,Rogue Company Season Four Epic Pack,11/11/2021,11/18/2021,,,
239,,Tiny Tina‚Äôs Assault on Dragon Keep,11/11/2021,11/18/2021,,,
238,,Aven Colony,11/4/2021,11/11/2021,,,
237,,DARQ: Complete Edition,10/28/2021,11/4/2021,,,
236,,Among the Sleep: Enhanced Edition,10/21/2021,10/28/2021,,,
235,,Stubbs the Zombie in Rebel Without a Pulse,10/14/2021,10/21/2021,,,
234,,Paladins Epic Pack,10/14/2021,10/21/2021,,,
233,‚≠ê,PC Building Simulator,10/7/2021,10/14/2021,,,
232,,Europa Universalis IV,9/30/2021,10/7/2021,,,
231,,2064: Read Only Memories,9/30/2021,10/7/2021,,,
230,,The Escapists,9/23/2021,9/30/2021,,,
229,,Tharsis,9/16/2021,9/23/2021,,,
228,,Speed Brawl,9/16/2021,9/23/2021,,,
227,,Sheltered,9/9/2021,9/16/2021,,,
226,,Nioh: The Complete Edition,9/9/2021,9/16/2021,,,
225,,Yoku‚Äôs Island Express,9/2/2021,9/9/2021,,,
224,,Automachef,8/26/2021,9/2/2021,,,
223,‚≠ê,Saints Row: The Third Remastered,8/26/2021,9/2/2021,,,
222,,Yooka-Laylee,8/19/2021,8/26/2021,,,
221,,Void Bastards,8/19/2021,8/26/2021,,,
220,,Rebel Galaxy,8/12/2021,8/19/2021,,,
219,,Minit,8/5/2021,8/12/2021,,,
218,‚≠ê,A Plague Tale: Innocence,8/5/2021,8/12/2021,,,
217,,Train Sim World 2,7/29/2021,8/5/2021,,,
216,,Mothergunship,7/29/2021,8/5/2021,,,
215,,Verdun,7/22/2021,7/29/2021,,,
214,,Defense Grid: The Awakening,7/22/2021,7/29/2021,,,
213,,Obduction,7/15/2021,7/22/2021,,,
212,,Offworld Trading Company,7/15/2021,7/22/2021,,,
211,,Ironcast,7/8/2021,7/15/2021,,,
210,,Bridge Constructor: The Walking Dead,7/8/2021,7/15/2021,,,
209,,The Spectrum Retreat,7/1/2021,7/8/2021,,,
208,‚≠ê,Sonic Mania,6/24/2021,7/1/2021,,,
207,,Horizon Chase Turbo,6/24/2021,7/1/2021,,,
206,,Overcooked! 2,6/17/2021,6/24/2021,,,
205,,Hell Is Other Demons,6/17/2021,6/24/2021,,,
204,‚≠ê,Control,6/10/2021,6/17/2021,,,
203,‚≠ê,Frostpunk,6/3/2021,6/10/2021,,,
202,,Among Us,5/27/2021,6/3/2021,,,
201,‚≠ê,NBA 2K21,5/20/2021,5/27/2021,,,
200,,The Lion‚Äôs Song,5/13/2021,5/20/2021,,,
199,,Pine,5/6/2021,5/13/2021,,,
198,,World of Warships Exclusive Starter Pack,5/6/2021,5/13/2021,,,
197,,Idle Champions of the Forgotten Realms,4/29/2021,5/6/2021,,,
196,,Hand of Fate 2,4/22/2021,4/29/2021,,,
195,,Alien: Isolation,4/22/2021,4/29/2021,,,
194,,The First Tree,4/15/2021,4/22/2021,,,
193,,Ken Follett‚Äôs The Pillars of the Earth,4/15/2021,4/22/2021,,,
192,,Deponia: The Complete Journey,4/15/2021,4/22/2021,,,
191,,3 out of 10: Season Two,4/8/2021,4/15/2021,,,
190,,Tales of the Neon Sea,4/1/2021,4/8/2021,,,
189,,Creature in the Well,3/25/2021,4/1/2021,,,
188,,The Fall,3/18/2021,3/25/2021,,,
187,,Surviving Mars,3/11/2021,3/18/2021,,,
186,,Wargame: Red Dragon,3/4/2021,3/11/2021,,,
185,,Sunless Sea,2/25/2021,3/4/2021,,,
184,‚≠ê,Rage 2,2/18/2021,2/25/2021,,,
183,,Absolute Drift,2/18/2021,2/25/2021,,,
182,,Halcyon 6 Starbase Commander,2/4/2021,2/11/2021,,,
181,‚≠ê,Metro: Last Light Redux,2/4/2021,2/11/2021,,,
180,,For the King,2/4/2021,2/11/2021,,,
179,,Dandara: Trials of Fear Edition,1/28/2021,2/4/2021,,,
178,,Galactic Civilizations III,1/21/2021,1/28/2021,,,
177,,Star Wars Battlefront II: Celebration Edition,1/14/2021,1/21/2021,,,
176,,Crying Suns,1/7/2021,1/14/2021,,,
175,,Jurassic World Evolution,12/31/2020,1/7/2021,,,
174,,Torchlight II,12/30/2020,12/31/2020,,,
173,,Solitairica,12/29/2020,12/30/2020,,,
172,,Stranded Deep,12/28/2020,12/29/2020,,,
171,,Night in the Woods,12/27/2020,12/28/2020,,,
170,,My Time at Portia,12/26/2020,12/27/2020,,,
169,,Darkest Dungeon,12/25/2020,12/26/2020,,,
168,‚≠ê,Inside,12/24/2020,12/25/2020,,,
167,,Tropico 5,12/23/2020,12/24/2020,,,
166,‚≠ê,Metro 2033 Redux,12/22/2020,12/23/2020,,,
165,,Alien: Isolation,12/21/2020,12/22/2020,,,
164,,Defense Grid: The Awakening,12/20/2020,12/21/2020,,,
163,,The Long Dark,12/19/2020,12/20/2020,,,
162,‚≠ê,Oddworld: New ‚Äòn‚Äô Tasty,12/18/2020,12/19/2020,,,
161,,Cities: Skylines,12/17/2020,12/18/2020,,,
160,,Pillars of Eternity: Definitive Edition,12/10/2020,12/17/2020,,,
159,,Tyranny: Gold Edition,12/10/2020,12/17/2020,,,
158,,Cave Story+,12/3/2020,12/10/2020,,,
157,‚≠ê,MudRunner,11/26/2020,12/3/2020,,,
156,,Elite Dangerous,11/19/2020,11/26/2020,,,
155,,The World Next Door,11/19/2020,11/26/2020,,,
154,,The Textorcist: The Story of Ray Bibbia,11/12/2020,11/19/2020,,,
153,,Dungeons 3,11/5/2020,11/12/2020,,,
152,,Blair Witch,10/29/2020,11/5/2020,,,
151,,Ghostbusters: The Video Game Remastered,10/29/2020,11/5/2020,,,
150,,Layers of Fear 2,10/22/2020,10/29/2020,,,
149,,Costume Quest 2,10/22/2020,10/29/2020,,,
148,,Kingdom: New Lands,10/15/2020,10/22/2020,,,
147,,Amnesia: A Machine for Pigs,10/15/2020,10/22/2020,,,
146,,Rising Storm 2: Vietnam,10/8/2020,10/15/2020,,,
145,,Abz√ª,10/8/2020,10/15/2020,,,
144,,Pikuniku,10/1/2020,10/8/2020,,,
143,,RollerCoaster Tycoon 3: Complete Edition,9/24/2020,10/1/2020,,,
142,‚≠ê,Watch Dogs 2,9/17/2020,9/24/2020,,,
141,,Stick It to the Man!,9/17/2020,9/24/2020,,,
140,,Football Manager 2020,9/17/2020,9/24/2020,,,
139,,Railway Empire,9/10/2020,9/17/2020,,,
138,,Where the Water Tastes like Wine,9/10/2020,9/17/2020,,,
137,,Into the Breach,9/3/2020,9/10/2020,,,
136,,Shadowrun Collection,8/27/2020,9/3/2020,,,
135,‚≠ê,Hitman,8/27/2020,9/3/2020,,,
134,,God‚Äôs Trigger,8/20/2020,8/27/2020,,,
133,,Enter the Gungeon,8/20/2020,8/27/2020,,,
132,,Remnant: From the Ashes,8/13/2020,8/20/2020,,,
131,‚≠ê,The Alto Collection,8/13/2020,8/20/2020,,,
130,,A Total War Saga: TROY,8/13/2020,8/20/2020,,,
129,,Wilmot‚Äôs Warehouse,8/6/2020,8/13/2020,,,
128,,"3 out of 10, EP 1",8/6/2020,8/13/2020,,,
127,,20XX,7/30/2020,8/6/2020,,,
126,,Superbrothers: Sword & Sworcery EP,7/30/2020,8/6/2020,,,
125,,Barony,7/30/2020,8/6/2020,,,
124,,Next Up Hero,7/23/2020,7/30/2020,,,
123,,Tacoma,7/23/2020,7/30/2020,,,
122,,Torchlight II,7/16/2020,7/23/2020,,,
121,,Lifeless Planet: Premier Edition,7/9/2020,7/16/2020,,,
120,,Killing Floor 2,7/9/2020,7/16/2020,,,
119,,The Escapists 2,7/9/2020,7/16/2020,,,
118,,Hue,7/2/2020,7/9/2020,,,
117,,Stranger Things 3: The Game,6/25/2020,7/2/2020,,,
116,,AER Memories of Old,6/25/2020,7/2/2020,,,
115,,Pathway,6/18/2020,6/25/2020,,,
114,,Ark: Survival Evolved,6/11/2020,6/18/2020,,,
113,,Samurai Shodown NeoGeo Collection,6/11/2020,6/18/2020,,,
112,,Overcooked,6/4/2020,6/11/2020,,,
111,,Sludge Life,5/28/2020,5/28/2021,,,
110,‚≠ê,Borderlands: The Handsome Collection,5/28/2020,6/4/2020,,,
109,‚≠ê,Sid Meier‚Äôs Civilization VI,5/21/2020,5/28/2020,,,
108,‚≠ê,Grand Theft Auto V: Premium Edition,5/14/2020,5/21/2020,,,
107,,Death Coming,5/7/2020,5/14/2020,,,
106,,Crashlands,4/30/2020,5/7/2020,,,
105,,Amnesia: The Dark Descent,4/30/2020,5/7/2020,,,
104,,For the King,4/23/2020,4/30/2020,,,
103,,Wheels of Aurelia,4/16/2020,4/23/2020,,,
102,‚≠ê,Just Cause 4,4/16/2020,4/23/2020,,,
101,,Close to the Sun,4/9/2020,4/16/2020,,,
100,,Sherlock Holmes: Crimes and Punishments,4/9/2020,4/16/2020,,,
99,,Drawful 2,4/2/2020,4/9/2020,,,
98,‚≠ê,Gone Home,4/2/2020,4/9/2020,,,
97,,Hob,4/2/2020,4/9/2020,,,
96,,Totally Reliable Delivery Service,4/1/2020,4/8/2020,,,
95,,World War Z,3/26/2020,4/2/2020,,,
94,,Tormentor x Punisher,3/26/2020,4/2/2020,,,
93,,Figment,3/26/2020,4/2/2020,,,
92,‚≠ê,The Stanley Parable,3/19/2020,3/26/2020,,,
91,‚≠ê,Watch Dogs,3/19/2020,3/26/2020,,,
90,,Mutazione,3/12/2020,3/19/2020,,,
89,‚≠ê,A Short Hike,3/12/2020,3/19/2020,,,
88,,Anodyne 2: Return to Dust,3/12/2020,3/19/2020,,,
87,,GoNNER,3/5/2020,3/12/2020,,,
86,,Offworld Trading Company,3/5/2020,3/12/2020,,,
85,,InnerSpace,2/27/2020,3/5/2020,,,
84,‚≠ê,Assassin‚Äôs Creed Syndicate,2/20/2020,2/27/2020,,,
83,,Faeria,2/20/2020,2/27/2020,,,
82,,Aztez,2/13/2020,2/20/2020,,,
81,,Kingdom Come: Deliverance,2/13/2020,2/20/2020,,,
80,,Carcassonne,2/6/2020,2/13/2020,,,
79,,Ticket to Ride,2/6/2020,2/13/2020,,,
78,,Farming Simulator 19,1/30/2020,2/6/2020,,,
77,,The Bridge,1/23/2020,1/30/2020,,,
76,,Horace,1/16/2020,1/23/2020,,,
75,,Sundered: Eldritch Edition,1/9/2020,1/16/2020,,,
74,,Darksiders II,1/1/2020,1/9/2020,,,
73,,Darksiders,1/1/2020,1/9/2020,,,
72,,Steep,1/1/2020,1/9/2020,,,
71,,Yooka-Laylee and the Impossible Lair,12/31/2019,1/1/2020,,,
70,,Hello Neighbor,12/30/2019,12/31/2019,,,
69,,The Talos Principle,12/29/2019,12/30/2019,,,
68,,Shadow Tactics: Blades of the Shogun,12/28/2019,12/29/2019,,,
67,,Hyper Light Drifter,12/27/2019,12/28/2019,,,
66,,FTL: Faster Than Light,12/26/2019,12/27/2019,,,
65,,Totally Accurate Battle Simulator,12/25/2019,12/26/2019,,,
64,‚≠ê,Celeste,12/24/2019,12/25/2019,,,
63,,Ape Out,12/23/2019,12/24/2019,,,
62,‚≠ê,Little Inferno,12/22/2019,12/23/2019,,,
61,,Superhot,12/21/2019,12/22/2019,,,
60,,TowerFall Ascension,12/20/2019,12/21/2019,,,
59,,Into the Breach,12/19/2019,12/20/2019,,,
58,,The Escapists,12/12/2019,12/19/2019,,,
57,‚≠ê,The Wolf Among Us,12/12/2019,12/19/2019,,,
56,,Jotun: Valhalla Edition,12/6/2019,12/12/2019,,,
55,‚≠ê,Rayman Legends,11/29/2019,12/6/2019,,,
54,,Bad North,11/21/2019,11/29/2019,,,
53,,The Messenger,11/14/2019,11/21/2019,,,
52,,Nuclear Throne,11/7/2019,11/14/2019,,,
51,,Ruiner,11/7/2019,11/14/2019,,,
50,,Costume Quest,10/31/2019,11/7/2019,,,
49,,SOMA,10/31/2019,11/7/2019,,,
48,,Q.U.B.E. 2,10/24/2019,10/31/2019,,,
47,,Layers of Fear,10/24/2019,10/31/2019,,,
46,,Observer,10/17/2019,10/24/2019,,,
45,‚≠ê,Alan Wake‚Äôs American Nightmare,10/17/2019,10/24/2019,,,
44,,Surviving Mars,10/10/2019,10/17/2019,,,
43,,Minit,10/3/2019,10/10/2019,,,
42,,Everything,9/26/2019,10/3/2019,,,
41,,Metro 2033 Redux,9/26/2019,10/3/2019,,,
40,‚≠ê,Batman: Arkham Knight,9/19/2019,9/26/2019,,,
39,‚≠ê,Batman: Arkham City,9/19/2019,9/26/2019,,,
38,‚≠ê,Batman: Arkham Asylum,9/19/2019,9/26/2019,,,
37,,LEGO Batman 3: Beyond Gotham,9/19/2019,9/26/2019,,,
36,,LEGO Batman 2: DC Super Heroes,9/19/2019,9/26/2019,,,
35,,LEGO Batman: The Videogame,9/19/2019,9/26/2019,,,
34,,Conarium,9/12/2019,9/19/2019,,,
33,,The End Is Nigh,9/5/2019,9/12/2019,,,
32,,Abz√ª,9/5/2019,9/12/2019,,,
31,,Celeste,8/29/2019,9/5/2019,,,
30,,Inside,8/29/2019,9/5/2019,,,
29,,Fez,8/22/2019,8/29/2019,,,
28,,Hyper Light Drifter,8/15/2019,8/22/2019,,,
27,,Mutant Year Zero: Road to Eden,8/15/2019,8/22/2019,,,
26,,GNOG,8/8/2019,8/15/2019,,,
25,,For Honor,8/2/2019,8/9/2019,,,
24,‚≠ê,Alan Wake,8/2/2019,8/9/2019,,,
23,,Moonlighter,7/25/2019,8/2/2019,,,
22,‚≠ê,This War of Mine,7/25/2019,8/2/2019,,,
21,‚≠ê,Limbo,7/17/2019,7/25/2019,,,
20,,Torchlight,7/11/2019,7/18/2019,,,
19,,Overcooked,7/4/2019,7/11/2019,,,
18,,Last Day of June,6/27/2019,7/4/2019,,,
17,,Rebel Galaxy,6/20/2019,6/27/2019,,,
16,,Enter the Gungeon,6/13/2019,6/20/2019,,,
15,,Kingdom: New Lands,6/6/2019,6/13/2019,,,
14,,City of Brass,5/30/2019,6/6/2019,,,
13,,RiME,5/23/2019,5/30/2019,,,
12,,Stories Untold,5/16/2019,5/30/2019,,,
11,‚≠ê,World of Goo,5/2/2019,5/16/2019,,,
10,,Transistor,4/18/2019,5/2/2019,,,
9,‚≠ê,The Witness,4/4/2019,4/18/2019,,,
8,‚≠ê,Oxenfree,3/21/2019,4/4/2019,,,
7,‚≠ê,Slime Rancher,3/7/2019,3/21/2019,,,
6,,Thimbleweed Park,2/22/2019,3/7/2019,,,
5,‚≠ê,Axiom Verge,2/7/2019,2/22/2019,,,
4,,The Jackbox Party Pack,1/24/2019,2/7/2019,,,
3,‚≠ê,What Remains of Edith Finch,1/11/2019,1/24/2019,,,
2,‚≠ê,Super Meat Boy,12/28/2018,1/10/2019,,,
1,‚≠ê,Subnautica,12/12/2018,12/27/2018,,,