,Number,Name,Start,End,Link
0,477,The Bridge,3/14/2024,3/21/2024,https://store.epicgames.com/en-US/p/the-bridge
1,476,Deus Ex: Mankind Divided,3/14/2024,3/21/2024,https://store.epicgames.com/en-US/p/deus-ex-mankind-divided-4c6370
2,475,Astro Duel 2,3/7/2024,3/14/2024,https://store.epicgames.com/en-US/p/astro-duel-2-e1261d
3,474,Aerial_Knight’s Never Yield,2/29/2024,3/7/2024,https://store.epicgames.com/en-US/p/aerial-knights-never-yield
4,473,Super Meat Boy Forever,2/22/2024,2/29/2024,https://store.epicgames.com/en-US/p/super-meat-boy-forever
5,472,Dakar Desert Rally,2/15/2024,2/22/2024,https://store.epicgames.com/en-US/p/dakar-desert-rally
6,471,Lost Castle,2/8/2024,2/15/2024,https://store.epicgames.com/en-US/p/lost-castle-abb2e2
7,470,Doki Doki Literature Club Plus!,2/8/2024,2/15/2024,https://store.epicgames.com/en-US/p/doki-doki-literature-club-plus
8,469,Doors: Paradox,2/1/2024,2/8/2024,https://store.epicgames.com/en-US/p/doors-paradox-5896c7
9,468,Infinifactory,1/25/2024,2/1/2024,https://store.epicgames.com/en-US/p/infinifactory-ec9686
10,467,Love,1/18/2024,1/25/2024,https://store.epicgames.com/en-US/p/love-65c4d0
11,466,Sail Forth,1/11/2024,1/18/2024,https://store.epicgames.com/en-US/p/sail-forth-51847e
12,465,Marvel’s Guardians of the Galaxy,1/4/2024,1/11/2024,https://store.epicgames.com/en-US/p/marvels-guardians-of-the-galaxy
13,464,A Plague Tale: Innocence,1/3/2024,1/4/2024,https://store.epicgames.com/en-US/p/a-plague-tale-innocence
14,463,20 Minutes Till Dawn,1/2/2024,1/3/2024,https://store.epicgames.com/en-US/p/20-minutes-till-dawn-be3305
15,462,Escape Academy,1/1/2024,1/2/2024,https://store.epicgames.com/en-US/p/escape-academy-bfc2bf
16,461,Ghostrunner,12/31/2023,1/1/2024,https://store.epicgames.com/en-US/p/ghostrunner
17,460,Saints Row,12/30/2023,12/31/2023,https://store.epicgames.com/en-US/p/saints-row
18,459,Snakebird Complete,12/29/2023,12/30/2023,https://store.epicgames.com/en-US/p/snakebird-complete-e6f0ae
19,458,Cat Quest,12/28/2023,12/29/2023,https://store.epicgames.com/en-US/p/cat-quest-8373e0
20,457,Cursed to Golf,12/27/2023,12/28/2023,https://store.epicgames.com/en-US/p/cursed-to-golf-a6bc22
21,456,Human Resource Machine,12/26/2023,12/27/2023,https://store.epicgames.com/en-US/p/human-resource-machine
22,455,The Outer Worlds: Spacer’s Choice Edition,12/25/2023,12/26/2023,https://store.epicgames.com/en-US/p/the-outer-worlds-spacers-choice-edition
23,454,Ghostwire: Tokyo,12/24/2023,12/25/2023,https://store.epicgames.com/en-US/p/ghostwire-tokyo
24,453,Fallout 3: Game of the Year Edition,12/23/2023,12/24/2023,https://store.epicgames.com/en-US/p/fallout-3-game-of-the-year-edition
25,452,Art of Rally,12/22/2023,12/23/2023,https://store.epicgames.com/en-US/p/art-of-rally
26,451,Melvor Idle,12/21/2023,12/22/2023,https://store.epicgames.com/en-US/p/melvor-idle-b6a9b3
27,450,DNF Duel,12/20/2023,12/21/2023,https://store.epicgames.com/en-US/p/dnf-duel-07d055
28,449,Destiny 2: Legacy Collection,12/13/2023,12/20/2023,https://store.epicgames.com/en-US/p/destiny-2--legacy-collection-2023
29,448,Predecessor,12/7/2023,12/13/2023,https://store.epicgames.com/en-US/p/predecessor
30,447,GigaBash,12/7/2023,12/13/2023,https://store.epicgames.com/en-US/p/gigabash
31,446,Mighty Fight Federation,11/30/2023,12/7/2023,https://store.epicgames.com/en-US/p/mighty-fight-federation
32,445,Jitsu Squad,11/30/2023,12/7/2023,https://store.epicgames.com/en-US/p/jitsu-squad-af3f2f
33,444,Deliver Us Mars,11/23/2023,11/30/2023,https://store.epicgames.com/en-US/p/deliver-us-mars
34,443,Surviving the Aftermath,11/16/2023,11/23/2023,https://store.epicgames.com/en-US/p/surviving-the-aftermath
35,442,Earthlock,11/16/2023,11/23/2023,https://store.epicgames.com/en-US/p/earthlock-e7d979
36,441,Golden Light,11/9/2023,11/16/2023,https://store.epicgames.com/en-US/p/golden-light-f543b3
37,440,Turnip Boy Commits Tax Evasion,11/2/2023,11/9/2023,https://store.epicgames.com/en-US/p/turnip-boy-commits-tax-evasion-fb2084
38,439,The Evil Within 2,10/26/2023,11/2/2023,https://store.epicgames.com/en-US/p/the-evil-within-2
39,438,Tandem: A Tale of Shadows,10/26/2023,11/2/2023,https://store.epicgames.com/en-US/p/tandem-a-tale-of-shadows-c3f55e
40,437,The Evil Within,10/19/2023,10/26/2023,https://store.epicgames.com/en-US/p/the-evil-within
41,436,Eternal Threads,10/19/2023,10/26/2023,https://store.epicgames.com/en-US/p/eternal-threads-197169
42,435,Q.U.B.E. 2 Season Pass,10/12/2023,10/19/2023,https://store.epicgames.com/en-US/bundles/qube-ultimate-bundle
43,434,Q.U.B.E. 2,10/12/2023,10/19/2023,https://store.epicgames.com/en-US/bundles/qube-ultimate-bundle
44,433,Q.U.B.E. 10th Anniversary,10/12/2023,10/19/2023,https://store.epicgames.com/en-US/bundles/qube-ultimate-bundle
45,432,Blazing Sails,10/12/2023,10/19/2023,https://store.epicgames.com/en-US/p/blazing-sails
46,431,Godlike Burger,10/5/2023,10/12/2023,https://epicgames.com/product/godlike-burger-4150a0
47,430,Soulstice,9/28/2023,10/5/2023,https://store.epicgames.com/en-US/p/soulstice
48,429,Model Builder,9/28/2023,10/5/2023,https://store.epicgames.com/en-US/p/model-builder-f9b456
49,428,The Forest Quartet,9/21/2023,9/28/2023,https://store.epicgames.com/en-US/p/forest-quartet-5d03e3
50,427,Out of Line,9/21/2023,9/28/2023,https://store.epicgames.com/en-US/p/out-of-line-209cbb
51,426,911 Operator,9/14/2023,9/21/2023,https://store.epicgames.com/en-US/p/911-operator-585edd
52,425,Spelldrifter,9/7/2023,9/14/2023,https://store.epicgames.com/en-US/p/spelldrifter
53,424,Cave Story+,8/31/2023,9/7/2023,https://store.epicgames.com/en-US/p/cave-story-plus
54,423,Homeworld: Deserts of Kharak,8/24/2023,8/31/2023,https://store.epicgames.com/en-US/p/homeworld-deserts-of-kharak
55,422,Dodo Peak,8/17/2023,8/24/2023,https://store.epicgames.com/en-US/p/dodo-peak-159276
56,421,Black Book,8/17/2023,8/24/2023,https://store.epicgames.com/en-US/p/black-book
57,420,Orwell: Keeping an Eye on You,8/10/2023,8/17/2023,https://store.epicgames.com/en-US/p/orwell-keeping-an-eye-on-you
58,419,Europa Universalis IV,8/10/2023,8/17/2023,https://epicgames.com/product/europa-universalis-iv
59,418,Loop Hero,8/3/2023,8/10/2023,https://store.epicgames.com/en-US/p/loop-hero
60,417,Bloons TD 6,8/3/2023,8/10/2023,https://store.epicgames.com/en-US/p/bloons-td-6-bf95a0
61,416,Severed Steel,7/27/2023,8/3/2023,https://store.epicgames.com/en-US/p/severed-steel
62,415,Homeworld Remastered Collection,7/27/2023,8/3/2023,https://store.epicgames.com/en-US/p/homeworld-remastered-collection
63,414,The Elder Scrolls Online,7/20/2023,7/27/2023,https://store.epicgames.com/en-US/p/the-elder-scrolls-online
64,413,Murder by Numbers,7/20/2023,7/27/2023,https://store.epicgames.com/en-US/p/murder-by-numbers
65,412,Train Valley 2,7/13/2023,7/20/2023,https://store.epicgames.com/en-US/p/train-valley-2-3606da
66,411,Grime,7/6/2023,7/13/2023,https://store.epicgames.com/en-US/p/grime
67,410,The Dungeon of Naheulbeuk: The Amulet of Chaos,6/29/2023,7/6/2023,https://store.epicgames.com/en-US/p/the-dungeon-of-naheulbeuk
68,409,theHunter: Call of the Wild,6/22/2023,6/29/2023,https://store.epicgames.com/en-US/p/thehunter-call-of-the-wild
69,408,Idle Champions of the Forgotten Realms,6/22/2023,6/29/2023,https://store.epicgames.com/en-US/p/idle-champions-of-the-forgotten-realms
70,407,Guacamelee! 2,6/15/2023,6/22/2023,https://store.epicgames.com/en-US/p/guacamelee-2-ac4977
71,406,Guacamelee! Super Turbo Championship Edition,6/15/2023,6/22/2023,https://store.epicgames.com/en-US/p/guacamelee-stce-7cdbc8
72,405,Payday 2,6/8/2023,6/15/2023,https://store.epicgames.com/en-US/p/payday-2-c66369
73,404,Midnight Ghost Hunt,6/1/2023,6/8/2023,https://store.epicgames.com/en-US/p/midnight-ghost-hunt
74,403,Fallout: New Vegas Ultimate Edition,5/25/2023,6/1/2023,https://store.epicgames.com/en-US/p/fallout-new-vegas--ultimate-edition
75,402,Death Stranding,5/18/2023,5/25/2023,https://store.epicgames.com/en-US/p/death-stranding
76,401,The Sims 4 The Daring Lifestyle Bundle,5/11/2023,5/18/2023,https://store.epicgames.com/en-US/p/the-sims-4--the-daring-lifestyle-bundle
77,400,Kao the Kangaroo,5/4/2023,5/11/2023,https://store.epicgames.com/en-US/p/kao-the-kangaroo-62abe3
78,399,Horizon Chase Turbo,5/4/2023,5/11/2023,https://store.epicgames.com/en-US/p/horizon-chase-turbo
79,398,Against All Odds,5/4/2023,5/11/2023,https://store.epicgames.com/en-US/p/against-all-odds-409105
80,397,Poker Club,4/27/2023,5/4/2023,https://store.epicgames.com/en-US/p/poker-club-6e18ee
81,396,Breathedge,4/27/2023,5/4/2023,https://store.epicgames.com/en-US/p/breathedge
82,395,Never Alone (Kisima Ingitchuna),4/20/2023,4/27/2023,https://store.epicgames.com/en-US/p/never-alone-kisima-ingitchuna
83,394,Beyond Blue,4/20/2023,4/27/2023,https://store.epicgames.com/en-US/p/beyond-blue
84,393,Second Extinction,4/13/2023,4/20/2023,https://store.epicgames.com/en-US/p/second-extinction
85,392,Mordhau,4/13/2023,4/20/2023,https://store.epicgames.com/en-US/p/mordhau
86,391,Dying Light: The Following – Enhanced Edition,4/6/2023,4/13/2023,https://store.epicgames.com/en-US/p/dying-light
87,390,shapez,4/6/2023,4/13/2023,https://store.epicgames.com/en-US/p/shapez-0929c9
88,389,Tunche,3/30/2023,4/6/2023,https://store.epicgames.com/en-US/p/tunche
89,388,The Silent Age,3/30/2023,4/6/2023,https://store.epicgames.com/en-US/p/the-silent-age-eb6972
90,387,World of Warships – Starter Pack: Ishizuchi,3/23/2023,3/30/2023,https://store.epicgames.com/en-US/p/world-of-warships--starter-pack-ishizuchi
91,386,Chess Ultra,3/23/2023,3/30/2023,https://store.epicgames.com/en-US/p/chess-ultra-91bba3
92,385,"Warhammer 40,000: Gladius – Relics of War",3/16/2023,3/23/2023,https://store.epicgames.com/en-US/p/warhammer-40000-gladius-relics-of-war
93,384,Call of the Sea,3/9/2023,3/16/2023,https://store.epicgames.com/en-US/p/call-of-the-sea
94,383,Rise of Industry,3/2/2023,3/9/2023,https://store.epicgames.com/en-US/p/rise-of-industry-0af838
95,382,Duskers,2/23/2023,3/2/2023,https://store.epicgames.com/en-US/p/duskers-672fdc
96,381,Warpips,2/16/2023,2/23/2023,https://store.epicgames.com/en-US/p/warpips-57e2c4
97,380,Recipe for Disaster,2/9/2023,2/16/2023,https://store.epicgames.com/en-US/p/recipe-for-disaster-83726f
98,379,Dishonored: Death of the Outsider,2/2/2023,2/9/2023,https://store.epicgames.com/en-US/p/dishonored-death-of-the-outsider
99,378,City of Gangsters,2/2/2023,2/9/2023,https://store.epicgames.com/en-US/p/city-of-gangsters-6c2974
100,377,Hell Is Others,1/26/2023,2/2/2023,https://store.epicgames.com/en-US/p/hell-is-others-789262
101,376,Adios,1/26/2023,2/2/2023,https://store.epicgames.com/en-US/p/adios-b378b4
102,375,Epistory: Typing Chronicles,1/19/2023,1/26/2023,https://store.epicgames.com/en-US/p/epistory-typing-chronicles-445794
103,374,Gamedec: Definitive Edition,1/12/2023,1/19/2023,https://store.epicgames.com/en-US/p/gamedec
104,373,First Class Trouble,1/12/2023,1/19/2023,https://store.epicgames.com/en-US/p/first-class-trouble
105,372,Divine Knockout,1/12/2023,1/19/2023,https://store.epicgames.com/en-US/p/divine-knockout--standard
106,371,Shadow Tactics: Aiko’s Choice,1/5/2023,1/12/2023,https://store.epicgames.com/en-US/p/shadow-tactics-aikos-choice-5678c1
107,370,Kerbal Space Program,1/5/2023,1/12/2023,https://store.epicgames.com/en-US/p/kerbal-space-program
108,369,Eximius: Seize the Frontline,12/29/2022,1/5/2023,https://store.epicgames.com/en-US/p/eximius-seize-the-frontline
109,368,Dishonored: Definitive Edition,12/29/2022,1/5/2023,https://store.epicgames.com/en-US/p/dishonored-definitive-edition
110,367,Mortal Shell,12/28/2022,12/29/2022,https://store.epicgames.com/en-US/p/mortal-shell
111,366,Severed Steel,12/27/2022,12/28/2022,https://store.epicgames.com/en-US/p/severed-steel
112,365,F.I.S.T.: Forged in Shadow Torch,12/26/2022,12/27/2022,https://store.epicgames.com/en-US/p/fist-forged-in-shadow-torch
113,364,Death Stranding,12/25/2022,12/26/2022,https://store.epicgames.com/en-US/p/death-stranding
114,363,Metro: Last Light Redux,12/24/2022,12/25/2022,https://store.epicgames.com/en-US/p/metro-last-light-redux
115,362,Encased,12/23/2022,12/24/2022,https://store.epicgames.com/en-US/p/encased
116,361,Fallout Tactics: Brotherhood of Steel,12/22/2022,12/23/2022,https://store.epicgames.com/en-US/p/fallout-tactics-brotherhood-of-steel
117,360,Fallout 2: A Post Nuclear Role Playing Game,12/22/2022,12/23/2022,https://store.epicgames.com/en-US/p/fallout-2
118,359,Fallout: A Post Nuclear Role Playing Game,12/22/2022,12/23/2022,https://store.epicgames.com/en-US/p/fallout
119,358,LEGO Builder’s Journey,12/21/2022,12/22/2022,https://store.epicgames.com/en-US/p/lego-builders-journey
120,357,Wolfenstein: The New Order,12/20/2022,12/21/2022,https://store.epicgames.com/en-US/p/wolfenstein-the-new-order
121,356,Them’s Fightin’ Herds,12/19/2022,12/20/2022,https://store.epicgames.com/en-US/p/thems-fightin-herds
122,355,Sable,12/18/2022,12/19/2022,https://store.epicgames.com/en-US/p/sable
123,354,Costume Quest 2,12/17/2022,12/18/2022,https://store.epicgames.com/en-US/p/costume-quest-2
124,353,Horizon Chase Turbo,12/16/2022,12/17/2022,https://store.epicgames.com/en-US/p/horizon-chase-turbo
125,352,Bloons TD 6,12/15/2022,12/16/2022,https://store.epicgames.com/en-US/p/bloons-td-6-bf95a0
126,351,Wildcat Gun Machine,12/8/2022,12/15/2022,https://store.epicgames.com/en-US/p/wildcat-gun-machine-c66c4e
127,350,Saints Row IV: Re-Elected,12/8/2022,12/15/2022,https://store.epicgames.com/en-US/p/saints-row-iv-re-elected
128,349,RPG in a Box,12/1/2022,12/8/2022,https://store.epicgames.com/en-US/p/rpg-in-a-box
129,348,Fort Triumph,12/1/2022,12/8/2022,https://store.epicgames.com/en-US/p/fort-triumph
130,347,Star Wars: Squadrons,11/24/2022,12/1/2022,https://store.epicgames.com/en-US/p/star-wars-squadrons
131,346,Evil Dead: The Game,11/17/2022,11/24/2022,https://store.epicgames.com/en-US/p/evil-dead-the-game
132,345,Dark Deity,11/17/2022,11/24/2022,https://store.epicgames.com/en-US/p/dark-deity-0b08d1
133,344,Epic Cheerleader Pack,11/15/2022,11/24/2022,https://store.epicgames.com/en-US/p/rumbleverse--epic-cheerleader-pack
134,343,Shadow Tactics: Blades of the Shogun,11/10/2022,11/17/2022,https://store.epicgames.com/en-US/p/shadow-tactics
135,342,Alba: A Wildlife Adventure,11/10/2022,11/17/2022,https://store.epicgames.com/en-US/p/alba-a-wildlife-adventure-93736a
136,341,Rising Storm 2: Vietnam,11/3/2022,11/10/2022,https://store.epicgames.com/en-US/p/rising-storm-2-vietnam
137,340,Filament,11/3/2022,11/10/2022,https://store.epicgames.com/en-US/p/filament-332a92
138,339,"Warhammer 40,000: Mechanicus",10/27/2022,11/3/2022,https://store.epicgames.com/en-US/p/warhammer-mechanicus-0e4b71
139,338,Saturnalia,10/27/2022,11/3/2022,https://store.epicgames.com/en-US/p/saturnalia
140,337,Fallout 3: Game of the Year Edition,10/20/2022,10/27/2022,https://store.epicgames.com/en-US/p/fallout-3-game-of-the-year-edition
141,336,Evoland Legendary Edition,10/20/2022,10/27/2022,https://store.epicgames.com/en-US/p/evoland-legendary-edition-5753ec
142,335,ToeJam & Earl: Back in the Groove!,10/13/2022,10/20/2022,https://store.epicgames.com/en-US/p/toejam-and-earl-back-in-the-groove-cddc16
143,334,Darkwood,10/13/2022,10/20/2022,https://store.epicgames.com/en-US/p/darkwood-fa73bd
144,333,Slain: Back from Hell,10/6/2022,10/13/2022,https://store.epicgames.com/en-US/p/slain-aea303
145,332,Rising Hell,10/6/2022,10/13/2022,https://store.epicgames.com/en-US/p/rising-hell-253707
146,331,The Drone Racing League,9/29/2022,10/6/2022,https://store.epicgames.com/en-US/p/the-drone-racing-league-simulator
147,330,Runbow,9/29/2022,10/6/2022,https://store.epicgames.com/en-US/p/runbow-fc9fa4
148,329,Gloomhaven,9/22/2022,9/29/2022,https://store.epicgames.com/en-US/p/gloomhaven-92f741
149,328,Ark: Survival Evolved,9/22/2022,9/29/2022,https://store.epicgames.com/en-US/p/ark
150,327,The Captain,9/15/2022,9/22/2022,https://store.epicgames.com/en-US/p/the-captain
151,326,Spirit of the North,9/15/2022,9/22/2022,https://store.epicgames.com/en-US/p/spirit-of-the-north-f58a66
152,325,Realm Royale Reforged – Epic Launch Bundle,9/8/2022,9/15/2022,https://store.epicgames.com/en-US/p/realm-royale-reforged--epic-launch-bundle
153,324,Hundred Days – Winemaking Simulator,9/8/2022,9/15/2022,https://store.epicgames.com/en-US/p/hundred-days-winemaking-simulator
154,323,Submerged: Hidden Depths,9/1/2022,9/8/2022,https://store.epicgames.com/en-US/p/submerged-hidden-depths-6065a1
155,322,Shadow of the Tomb Raider: Definitive Edition,9/1/2022,9/8/2022,https://store.epicgames.com/en-US/p/shadow-of-the-tomb-raider
156,321,Knockout City,9/1/2022,9/8/2022,https://store.epicgames.com/en-US/p/knockout-city
157,320,Ring of Pain,8/25/2022,9/1/2022,https://store.epicgames.com/en-US/p/ring-of-pain
158,319,Destiny 2: Bungie 30th Anniversary Pack,8/23/2022,8/30/2022,https://store.epicgames.com/en-US/p/destiny-2--bungie-30th-anniversary-pack
159,318,Rumbleverse – Boom Boxer Content Pack,8/18/2022,8/25/2022,https://store.epicgames.com/en-US/p/rumbleverse--boom-boxer-content-pack
160,317,Doom 64,8/18/2022,8/25/2022,https://store.epicgames.com/en-US/p/doom-64
161,316,"Cook, Serve, Delicious! 3?!",8/11/2022,8/18/2022,https://store.epicgames.com/en-US/p/cook-serve-delicious-3-fb9aae
162,315,Unrailed!,8/4/2022,8/11/2022,https://store.epicgames.com/en-US/p/unrailed-e19729
163,314,Lawn Mowing Simulator,7/28/2022,8/4/2022,https://store.epicgames.com/en-US/p/lawn-mowing-simulator-838bf3
164,313,Tannenberg,7/21/2022,7/28/2022,https://store.epicgames.com/en-US/p/tannenberg
165,312,Shop Titans,7/21/2022,7/28/2022,https://store.epicgames.com/en-US/p/shop-titans-d95c1c
166,311,Wonder Boy: The Dragon’s Trap,7/14/2022,7/21/2022,https://store.epicgames.com/en-US/p/wonder-boy-the-dragons-trap-26381d
167,310,Killing Floor 2,7/7/2022,7/14/2022,https://store.epicgames.com/en-US/p/killing-floor-2
168,309,Ancient Enemy,7/7/2022,7/14/2022,https://store.epicgames.com/en-US/p/ancient-enemy
169,308,Iratus: Lord of the Dead,6/30/2022,7/7/2022,https://store.epicgames.com/en-US/p/iratus-d0e5ba
170,307,Hood: Outlaws & Legends,6/30/2022,7/7/2022,https://store.epicgames.com/en-US/p/hood-outlaws-and-legends
171,306,Geneforge 1 – Mutagen,6/30/2022,7/7/2022,https://store.epicgames.com/en-US/p/geneforge-1-mutagen
172,305,Car Mechanic Simulator 2018,6/23/2022,6/30/2022,https://store.epicgames.com/en-US/p/car-mechanic-simulator-2018
173,304,A Game of Thrones: The Board Game Digital Edition,6/23/2022,6/30/2022,https://store.epicgames.com/en-US/p/a-game-of-thrones-5858a3
174,303,Supraland,6/16/2022,6/23/2022,https://store.epicgames.com/en-US/p/supraland
175,302,Maneater,6/9/2022,6/16/2022,https://store.epicgames.com/en-US/p/maneater
176,301,Wolfenstein: The New Order,6/2/2022,6/9/2022,https://store.epicgames.com/en-US/p/wolfenstein-the-new-order
177,300,BioShock Infinite: Complete Edition,5/26/2022,6/2/2022,https://store.epicgames.com/en-US/p/bioshock-infinite-complete-edition
178,299,BioShock 2 Remastered,5/26/2022,6/2/2022,https://store.epicgames.com/en-US/p/bioshock-2-remastered
179,298,BioShock Remastered,5/26/2022,6/2/2022,https://store.epicgames.com/en-US/p/bioshock-remastered
180,297,Borderlands 3,5/19/2022,5/26/2022,https://store.epicgames.com/en-US/p/borderlands-3
181,296,Redout: Enhanced Edition,5/12/2022,5/19/2022,https://store.epicgames.com/en-US/p/redout-enhanced-edition
182,295,Prey,5/12/2022,5/19/2022,https://store.epicgames.com/en-US/p/prey
183,294,Jotun: Valhalla Edition,5/12/2022,5/19/2022,https://store.epicgames.com/en-US/p/jotun
184,293,Terraforming Mars,5/5/2022,5/12/2022,https://store.epicgames.com/en-US/p/terraforming-mars-18c3ad
185,292,Paradigm,4/28/2022,5/5/2022,https://store.epicgames.com/en-US/p/paradigm-875c5c
186,291,Just Die Already,4/28/2022,5/5/2022,https://store.epicgames.com/en-US/p/just-die-already
187,290,Riverbond,4/21/2022,4/28/2022,https://store.epicgames.com/en-US/p/riverbond-782aa4
188,289,Amnesia: Rebirth,4/21/2022,4/28/2022,https://store.epicgames.com/en-US/p/amnesia-rebirth
189,288,XCOM 2,4/14/2022,4/21/2022,https://store.epicgames.com/en-US/p/xcom-2
190,287,Insurmountable,4/14/2022,4/21/2022,https://store.epicgames.com/en-US/p/insurmountable-b02c31
191,286,Rogue Legacy,4/7/2022,4/14/2022,https://store.epicgames.com/en-US/p/rogue-legacy
192,285,The Vanishing of Ethan Carter,4/7/2022,4/14/2022,https://store.epicgames.com/en-US/p/the-vanishing-of-ethan-carter
193,284,Total War: Warhammer,3/31/2022,4/7/2022,https://store.epicgames.com/en-US/p/total-war-warhammer
194,283,City of Brass,3/31/2022,4/7/2022,https://store.epicgames.com/en-US/p/city-of-brass
195,282,Demon’s Tilt,3/24/2022,3/31/2022,https://store.epicgames.com/en-US/p/demons-tilt
196,281,In Sound Mind,3/17/2022,3/24/2022,https://store.epicgames.com/en-US/p/in-sound-mind
197,280,Cities: Skylines,3/10/2022,3/17/2022,https://store.epicgames.com/en-US/p/cities-skylines
198,279,Centipede: Recharged,3/3/2022,3/10/2022,https://store.epicgames.com/en-US/p/centipede-recharged
199,278,Black Widow: Recharged,3/3/2022,3/10/2022,https://store.epicgames.com/en-US/p/black-widow-recharged
200,277,Dauntless – Epic Slayer Kit,3/3/2022,3/10/2022,https://store.epicgames.com/en-US/p/dauntless--epic-slayer-kit
201,276,Cris Tales,2/24/2022,3/3/2022,https://store.epicgames.com/en-US/p/cris-tales
202,275,Brothers: A Tale of Two Sons,2/17/2022,2/24/2022,https://store.epicgames.com/en-US/p/brothers-a-tale-of-two-sons
203,274,Windbound,2/10/2022,2/17/2022,https://store.epicgames.com/en-US/p/windbound
204,273,Yooka-Laylee and the Impossible Lair,2/3/2022,2/10/2022,https://store.epicgames.com/en-US/p/yooka-laylee-and-the-impossible-lair
205,272,Daemon X Machina,1/27/2022,2/3/2022,https://store.epicgames.com/en-US/p/daemon-x-machina
206,271,Relicta,1/20/2022,1/27/2022,https://store.epicgames.com/en-US/p/relicta
207,270,Galactic Civilizations III,1/13/2022,1/20/2022,https://store.epicgames.com/en-US/p/galactic-civilizations-iii
208,269,Gods Will Fall,1/6/2022,1/13/2022,https://store.epicgames.com/en-US/p/gods-will-fall
209,268,Shadow of the Tomb Raider: Definitive Edition,12/31/2021,1/6/2022,https://store.epicgames.com/en-US/p/shadow-of-the-tomb-raider
210,267,Rise of the Tomb Raider: 20 Year Celebration,12/31/2021,1/6/2022,https://store.epicgames.com/en-US/p/rise-of-the-tomb-raider
211,266,Tomb Raider Game of the Year Edition,12/31/2021,1/6/2022,https://store.epicgames.com/en-US/p/tomb-raider
212,265,Salt and Sanctuary,12/29/2021,12/30/2021,https://store.epicgames.com/en-US/p/salt-and-sanctuary
213,264,Moving Out,12/28/2021,12/29/2021,https://store.epicgames.com/en-US/p/moving-out
214,263,Mages of Mystralia,12/27/2021,12/28/2021,https://store.epicgames.com/en-US/p/mages-of-mystralia
215,262,Control,12/26/2021,12/27/2021,https://store.epicgames.com/en-US/p/control
216,261,Prey,12/25/2021,12/26/2021,https://store.epicgames.com/en-US/p/prey
217,260,Pathfinder: Kingmaker,12/24/2021,12/25/2021,https://store.epicgames.com/en-US/p/pathfinder-kingmaker
218,259,Vampyr,12/23/2021,12/24/2021,https://store.epicgames.com/en-US/p/vampyr
219,258,Mutant Year Zero: Road to Eden,12/22/2021,12/23/2021,https://store.epicgames.com/en-US/p/mutant-year-zero
220,257,Second Extinction,12/21/2021,12/22/2021,https://store.epicgames.com/en-US/p/second-extinction
221,256,Loop Hero,12/20/2021,12/21/2021,https://store.epicgames.com/en-US/p/loop-hero
222,255,The Vanishing of Ethan Carter,12/19/2021,12/20/2021,https://store.epicgames.com/en-US/p/the-vanishing-of-ethan-carter
223,254,Remnant: From the Ashes,12/18/2021,12/19/2021,https://store.epicgames.com/en-US/p/remnant-from-the-ashes
224,253,Neon Abyss,12/17/2021,12/18/2021,https://store.epicgames.com/en-US/p/neon-abyss
225,252,Shenmue III,12/16/2021,12/17/2021,https://store.epicgames.com/en-US/p/shenmue-3
226,251,Prison Architect,12/9/2021,12/16/2021,https://store.epicgames.com/en-US/p/prison-architect
227,250,Godfall Challenger Edition,12/9/2021,12/16/2021,https://store.epicgames.com/en-US/p/godfall
228,249,while True: learn(),12/2/2021,12/9/2021,https://store.epicgames.com/en-US/p/while-true-learn
229,248,Dead by Daylight,12/2/2021,12/9/2021,https://store.epicgames.com/en-US/p/dead-by-daylight
230,247,Antstream – Epic Welcome Pack,11/25/2021,12/2/2021,https://store.epicgames.com/en-US/p/antstream-arcade--epic-welcome-pack
231,246,theHunter: Call of the Wild,11/25/2021,12/2/2021,https://store.epicgames.com/en-US/p/thehunter-call-of-the-wild
232,245,Guild of Dungeoneering,11/18/2021,11/25/2021,https://store.epicgames.com/en-US/p/guild-of-dungeoneering-classic
233,244,Kid A Mnesia Exhibition,11/18/2021,11/25/2021,https://store.epicgames.com/en-US/p/kid-a-mnesia-exhibition
234,243,Never Alone,11/18/2021,11/25/2021,https://store.epicgames.com/en-US/p/never-alone-kisima-ingitchuna
235,242,Rogue Company Season Four Epic Pack,11/11/2021,11/18/2021,https://store.epicgames.com/en-US/p/rogue-company--season-4-epic-pack
236,241,Tiny Tina’s Assault on Dragon Keep,11/11/2021,11/18/2021,https://store.epicgames.com/en-US/p/tiny-tinas-assault-on-dragon-keep-a-wonderlands-one-shot-adventure
237,240,Aven Colony,11/4/2021,11/11/2021,https://store.epicgames.com/en-US/p/aven-colony
238,239,DARQ: Complete Edition,10/28/2021,11/4/2021,https://store.epicgames.com/en-US/p/darq-complete-edition
239,238,Among the Sleep – Enhanced Edition,10/21/2021,10/28/2021,https://store.epicgames.com/en-US/p/among-the-sleep-enhanced-edition
240,237,Stubbs the Zombie in Rebel Without a Pulse,10/14/2021,10/21/2021,https://store.epicgames.com/en-US/p/stubbs-the-zombie-in-rebel-without-a-pulse
241,236,Paladins Epic Pack,10/14/2021,10/21/2021,https://store.epicgames.com/en-US/p/paladins--paladins-epic-pack
242,235,PC Building Simulator,10/7/2021,10/14/2021,https://store.epicgames.com/en-US/p/pc-building-simulator
243,234,Europa Universalis IV,9/30/2021,10/7/2021,https://store.epicgames.com/en-US/p/europa-universalis-iv
244,233,2064: Read Only Memories,9/30/2021,10/7/2021,https://store.epicgames.com/en-US/p/2064-read-only-memories
245,232,The Escapists,9/23/2021,9/30/2021,https://store.epicgames.com/en-US/p/the-escapists
246,231,Tharsis,9/16/2021,9/23/2021,https://store.epicgames.com/en-US/p/tharsis
247,230,Speed Brawl,9/16/2021,9/23/2021,https://store.epicgames.com/en-US/p/speed-brawl
248,229,Sheltered,9/9/2021,9/16/2021,https://store.epicgames.com/en-US/p/sheltered
249,228,Nioh: The Complete Edition,9/9/2021,9/16/2021,https://store.epicgames.com/en-US/p/nioh-the-complete-edition
250,227,Yoku’s Island Express,9/2/2021,9/9/2021,https://store.epicgames.com/en-US/p/yokus-island-express
251,226,Automachef,8/26/2021,9/2/2021,https://store.epicgames.com/en-US/p/automachef
252,225,Saints Row: The Third Remastered,8/26/2021,9/2/2021,https://store.epicgames.com/en-US/p/saints-row-the-third-remastered
253,224,Yooka-Laylee,8/19/2021,8/26/2021,https://store.epicgames.com/en-US/p/yooka-laylee
254,223,Void Bastards,8/19/2021,8/26/2021,https://store.epicgames.com/en-US/p/void-bastards
255,222,Rebel Galaxy,8/12/2021,8/19/2021,https://store.epicgames.com/en-US/p/rebel-galaxy
256,221,Minit,8/5/2021,8/12/2021,https://store.epicgames.com/en-US/p/minit
257,220,A Plague Tale: Innocence,8/5/2021,8/12/2021,https://store.epicgames.com/en-US/p/a-plague-tale-innocence
258,219,Train Sim World 2,7/29/2021,8/5/2021,https://store.epicgames.com/en-US/p/train-sim-world-2
259,218,Mothergunship,7/29/2021,8/5/2021,https://store.epicgames.com/en-US/p/mothergunship
260,217,Verdun,7/22/2021,7/29/2021,https://store.epicgames.com/en-US/p/verdun
261,216,Defense Grid: The Awakening,7/22/2021,7/29/2021,https://store.epicgames.com/en-US/p/defense-grid
262,215,Obduction,7/15/2021,7/22/2021,https://store.epicgames.com/en-US/p/obduction
263,214,Offworld Trading Company,7/15/2021,7/22/2021,https://store.epicgames.com/en-US/p/offworld-trading-company
264,213,Ironcast,7/8/2021,7/15/2021,https://store.epicgames.com/en-US/p/ironcast
265,212,Bridge Constructor: The Walking Dead,7/8/2021,7/15/2021,https://store.epicgames.com/en-US/p/bridge-constructor-the-walking-dead
266,211,The Spectrum Retreat,7/1/2021,7/8/2021,https://store.epicgames.com/en-US/p/the-spectrum-retreat
267,210,Sonic Mania,6/24/2021,7/1/2021,https://store.epicgames.com/en-US/p/sonic-mania
268,209,Horizon Chase Turbo,6/24/2021,7/1/2021,https://store.epicgames.com/en-US/p/horizon-chase-turbo
269,208,Overcooked! 2,6/17/2021,6/24/2021,https://store.epicgames.com/en-US/p/overcooked-2
270,207,Hell Is Other Demons,6/17/2021,6/24/2021,https://store.epicgames.com/en-US/p/hell-is-other-demons
271,206,Control,6/10/2021,6/17/2021,https://store.epicgames.com/en-US/p/control
272,205,Frostpunk,6/3/2021,6/10/2021,https://store.epicgames.com/en-US/p/frostpunk
273,204,Among Us,5/27/2021,6/3/2021,https://store.epicgames.com/en-US/p/among-us
274,203,NBA 2K21,5/20/2021,5/27/2021,https://store.epicgames.com/en-US/p/nba-2k21
275,202,The Lion’s Song,5/13/2021,5/20/2021,https://store.epicgames.com/en-US/p/the-lions-song
276,201,Pine,5/6/2021,5/13/2021,https://store.epicgames.com/en-US/p/pine
277,200,World of Warships Exclusive Starter Pack,5/6/2021,5/13/2021,https://store.epicgames.com/en-US/p/world-of-warships--exclusive-starter-pack
278,199,Idle Champions of the Forgotten Realms,4/29/2021,5/6/2021,https://store.epicgames.com/en-US/p/idle-champions-of-the-forgotten-realms
279,198,Alien: Isolation,4/22/2021,4/29/2021,https://store.epicgames.com/en-US/p/alien-isolation
280,197,Hand of Fate 2,4/22/2021,4/29/2021,https://store.epicgames.com/en-US/p/hand-of-fate-2
281,196,Deponia: The Complete Journey,4/15/2021,4/22/2021,https://store.epicgames.com/en-US/p/deponia-the-complete-journey
282,195,Ken Follett’s The Pillars of the Earth,4/15/2021,4/22/2021,https://store.epicgames.com/en-US/p/ken-follets-the-pillars-of-the-earth
283,194,The First Tree,4/15/2021,4/22/2021,https://store.epicgames.com/en-US/p/the-first-tree
284,193,3 out of 10: Season Two,4/8/2021,4/15/2021,https://store.epicgames.com/en-US/p/3-out-of-10-season-2
285,192,Tales of the Neon Sea,4/1/2021,4/8/2021,https://store.epicgames.com/en-US/p/tales-of-the-neon-sea
286,191,Creature in the Well,3/25/2021,4/1/2021,https://store.epicgames.com/en-US/p/creature-in-the-well
287,190,The Fall,3/18/2021,3/25/2021,https://store.epicgames.com/en-US/p/the-fall
288,189,Surviving Mars,3/11/2021,3/18/2021,https://store.epicgames.com/en-US/p/surviving-mars
289,188,Wargame: Red Dragon,3/4/2021,3/11/2021,https://store.epicgames.com/en-US/p/wargame-red-dragon
290,187,Sunless Sea,2/25/2021,3/4/2021,https://store.epicgames.com/en-US/p/sunless-sea
291,186,Rage 2,2/18/2021,2/25/2021,https://store.epicgames.com/en-US/p/rage-2
292,185,Absolute Drift,2/18/2021,2/25/2021,https://store.epicgames.com/en-US/p/absolute-drift
293,184,Halcyon 6 Starbase Commander,2/4/2021,2/11/2021,https://store.epicgames.com/en-US/p/halcyon-6
294,183,Metro: Last Light Redux,2/4/2021,2/11/2021,https://store.epicgames.com/en-US/p/metro-last-light-redux
295,182,For the King,2/4/2021,2/11/2021,https://store.epicgames.com/en-US/p/for-the-king
296,181,Dandara: Trials of Fear Edition,1/28/2021,2/4/2021,https://store.epicgames.com/en-US/p/dandara
297,180,Galactic Civilizations III,1/21/2021,1/28/2021,https://store.epicgames.com/en-US/p/galactic-civilizations-iii
298,179,Star Wars Battlefront II: Celebration Edition,1/14/2021,1/21/2021,https://store.epicgames.com/en-US/p/star-wars-battlefront-2
299,178,Crying Suns,1/7/2021,1/14/2021,https://store.epicgames.com/en-US/p/crying-suns
300,177,Jurassic World Evolution,12/31/2020,1/7/2021,https://store.epicgames.com/en-US/p/jurassic-world-evolution
301,176,Torchlight II,12/30/2020,12/31/2020,https://store.epicgames.com/en-US/p/torchlight-2
302,175,Solitairica,12/29/2020,12/30/2020,https://store.epicgames.com/en-US/p/solitairica
303,174,Stranded Deep,12/28/2020,12/29/2020,https://store.epicgames.com/en-US/p/stranded-deep
304,173,Night in the Woods,12/27/2020,12/28/2020,https://store.epicgames.com/en-US/p/night-in-the-woods
305,172,My Time at Portia,12/26/2020,12/27/2020,https://store.epicgames.com/en-US/p/my-time-at-portia
306,171,Darkest Dungeon,12/25/2020,12/26/2020,https://store.epicgames.com/en-US/p/darkest-dungeon
307,170,Inside,12/24/2020,12/25/2020,https://store.epicgames.com/en-US/p/inside
308,169,Tropico 5,12/23/2020,12/24/2020,https://store.epicgames.com/en-US/p/tropico-5
309,168,Metro 2033 Redux,12/22/2020,12/23/2020,https://store.epicgames.com/en-US/p/metro-2033-redux
310,167,Alien: Isolation,12/21/2020,12/22/2020,https://store.epicgames.com/en-US/p/alien-isolation
311,166,Defense Grid: The Awakening,12/20/2020,12/21/2020,https://store.epicgames.com/en-US/p/defense-grid
312,165,The Long Dark,12/19/2020,12/20/2020,https://store.epicgames.com/en-US/p/the-long-dark
313,164,Oddworld: New ‘n’ Tasty,12/18/2020,12/19/2020,https://store.epicgames.com/en-US/p/oddworld-new-n-tasty
314,163,Cities: Skylines,12/17/2020,12/18/2020,https://store.epicgames.com/en-US/p/cities-skylines
315,162,Pillars of Eternity: Definitive Edition,12/10/2020,12/17/2020,https://store.epicgames.com/en-US/p/pillars-of-eternity
316,161,Tyranny: Gold Edition,12/10/2020,12/17/2020,https://store.epicgames.com/en-US/p/tyranny
317,160,Cave Story+,12/3/2020,12/10/2020,https://store.epicgames.com/en-US/p/cave-story-plus
318,159,MudRunner,11/26/2020,12/3/2020,https://store.epicgames.com/en-US/p/mudrunner
319,158,Elite Dangerous,11/19/2020,11/26/2020,https://store.epicgames.com/en-US/p/elite-dangerous
320,157,The World Next Door,11/19/2020,11/26/2020,https://store.epicgames.com/en-US/p/the-world-next-door
321,156,The Textorcist: The Story of Ray Bibbia,11/12/2020,11/19/2020,https://store.epicgames.com/en-US/p/the-textorcist
322,155,Dungeons 3,11/5/2020,11/12/2020,https://store.epicgames.com/en-US/p/dungeons-3
323,154,Blair Witch,10/29/2020,11/5/2020,https://store.epicgames.com/en-US/p/blair-witch
324,153,Ghostbusters: The Video Game Remastered,10/29/2020,11/5/2020,https://store.epicgames.com/en-US/p/ghostbusters-the-video-game-remastered
325,152,Layers of Fear 2,10/22/2020,10/29/2020,https://store.epicgames.com/en-US/p/layers-of-fear-2
326,151,Costume Quest 2,10/22/2020,10/29/2020,https://store.epicgames.com/en-US/p/costume-quest-2
327,150,Kingdom: New Lands,10/15/2020,10/22/2020,https://store.epicgames.com/en-US/p/kingdom-new-lands
328,149,Amnesia: A Machine for Pigs,10/15/2020,10/22/2020,https://store.epicgames.com/en-US/p/amnesia-a-machine-for-pigs
329,148,Rising Storm 2: Vietnam,10/8/2020,10/15/2020,https://store.epicgames.com/en-US/p/rising-storm-2-vietnam
330,147,Abzû,10/8/2020,10/15/2020,https://store.epicgames.com/en-US/p/abzu
331,146,Pikuniku,10/1/2020,10/8/2020,https://store.epicgames.com/en-US/p/pikuniku
332,145,RollerCoaster Tycoon 3: Complete Edition,9/24/2020,10/1/2020,https://store.epicgames.com/en-US/p/rollercoaster-tycoon-3-complete-edition
333,144,Watch Dogs 2,9/17/2020,9/24/2020,https://store.epicgames.com/en-US/p/watch-dogs-2
334,143,Stick It to the Man!,9/17/2020,9/24/2020,https://store.epicgames.com/en-US/p/stick-it-to-the-man
335,142,Football Manager 2020,9/17/2020,9/24/2020,https://store.epicgames.com/en-US/p/football-manager-2020
336,141,Railway Empire,9/10/2020,9/17/2020,https://store.epicgames.com/en-US/p/railway-empire
337,140,Where the Water Tastes like Wine,9/10/2020,9/17/2020,https://store.epicgames.com/en-US/p/where-the-water-tastes-like-wine
338,139,Into the Breach,9/3/2020,9/10/2020,https://store.epicgames.com/en-US/p/into-the-breach
339,138,Shadowrun Hong Kong – Extended Edition,8/27/2020,9/3/2020,https://store.epicgames.com/en-US/p/shadowrun-hong-kong
340,137,Shadowrun: Dragonfall – Director’s Cut,8/27/2020,9/3/2020,https://store.epicgames.com/en-US/p/shadowrun-dragonfall
341,136,Shadowrun Returns,8/27/2020,9/3/2020,https://store.epicgames.com/en-US/p/shadowrun-returns
342,135,Hitman,8/27/2020,9/3/2020,https://store.epicgames.com/en-US/p/hitman
343,134,God’s Trigger,8/20/2020,8/27/2020,https://store.epicgames.com/en-US/p/gods-trigger
344,133,Enter the Gungeon,8/20/2020,8/27/2020,https://store.epicgames.com/en-US/p/enter-the-gungeon
345,132,Remnant: From the Ashes,8/13/2020,8/20/2020,https://store.epicgames.com/en-US/p/remnant-from-the-ashes
346,131,The Alto Collection,8/13/2020,8/20/2020,https://store.epicgames.com/en-US/p/the-alto-collection
347,130,A Total War Saga: TROY,8/13/2020,8/20/2020,https://store.epicgames.com/en-US/p/a-total-war-saga-troy
348,129,Wilmot’s Warehouse,8/6/2020,8/13/2020,https://store.epicgames.com/en-US/p/wilmots-warehouse
349,128,"3 out of 10, EP 1",8/6/2020,8/13/2020,https://store.epicgames.com/en-US/p/3-out-of-10-ep-1
350,127,20XX,7/30/2020,8/6/2020,https://store.epicgames.com/en-US/p/20xx
351,126,Superbrothers: Sword & Sworcery EP,7/30/2020,8/6/2020,https://store.epicgames.com/en-US/p/superbrothers-sword-and-sworcery-ep
352,125,Barony,7/30/2020,8/6/2020,https://store.epicgames.com/en-US/p/barony
353,124,Next Up Hero,7/23/2020,7/30/2020,https://store.epicgames.com/en-US/p/next-up-hero
354,123,Tacoma,7/23/2020,7/30/2020,https://store.epicgames.com/en-US/p/tacoma
355,122,Torchlight II,7/16/2020,7/23/2020,https://store.epicgames.com/en-US/p/torchlight-2
356,121,Lifeless Planet: Premier Edition,7/9/2020,7/16/2020,https://store.epicgames.com/en-US/p/lifeless-planet-premier-edition
357,120,Killing Floor 2,7/9/2020,7/16/2020,https://store.epicgames.com/en-US/p/killing-floor-2
358,119,The Escapists 2,7/9/2020,7/16/2020,https://store.epicgames.com/en-US/p/the-escapists-2
359,118,Hue,7/2/2020,7/9/2020,https://store.epicgames.com/en-US/p/hue
360,117,Stranger Things 3: The Game,6/25/2020,7/2/2020,https://store.epicgames.com/en-US/p/stranger-things-3-the-game
361,116,AER Memories of Old,6/25/2020,7/2/2020,https://store.epicgames.com/en-US/p/aer-memories-of-old
362,115,Pathway,6/18/2020,6/25/2020,https://store.epicgames.com/en-US/p/pathway
363,114,Ark: Survival Evolved,6/11/2020,6/18/2020,https://store.epicgames.com/en-US/p/ark
364,113,Samurai Shodown NeoGeo Collection,6/11/2020,6/18/2020,https://store.epicgames.com/en-US/p/samurai-shodown-neogeo-collection
365,112,Overcooked,6/4/2020,6/11/2020,https://store.epicgames.com/en-US/p/overcooked
366,111,Sludge Life,5/28/2020,5/28/2021,https://store.epicgames.com/en-US/p/sludge-life
367,110,Borderlands: The Handsome Collection,5/28/2020,6/4/2020,https://store.epicgames.com/en-US/bundles/borderlands-the-handsome-collection
368,109,Sid Meier’s Civilization VI,5/21/2020,5/28/2020,https://store.epicgames.com/en-US/p/sid-meiers-civilization-vi
369,108,Grand Theft Auto V: Premium Edition,5/14/2020,5/21/2020,https://store.epicgames.com/en-US/p/grand-theft-auto-v
370,107,Death Coming,5/7/2020,5/14/2020,https://store.epicgames.com/en-US/p/death-coming
371,106,Crashlands,4/30/2020,5/7/2020,https://store.epicgames.com/en-US/p/crashlands
372,105,Amnesia: The Dark Descent,4/30/2020,5/7/2020,https://store.epicgames.com/en-US/p/amnesia-the-dark-descent
373,104,For the King,4/23/2020,4/30/2020,https://store.epicgames.com/en-US/p/for-the-king
374,103,Wheels of Aurelia,4/16/2020,4/23/2020,https://store.epicgames.com/en-US/p/wheels-of-aurelia
375,102,Just Cause 4,4/16/2020,4/23/2020,https://store.epicgames.com/en-US/p/just-cause-4
376,101,Close to the Sun,4/9/2020,4/16/2020,https://store.epicgames.com/en-US/p/close-to-the-sun
377,100,Sherlock Holmes: Crimes and Punishments,4/9/2020,4/16/2020,https://store.epicgames.com/en-US/p/sherlock-holmes-crimes-and-punishments
378,99,Drawful 2,4/2/2020,4/9/2020,https://store.epicgames.com/en-US/p/drawful-2
379,98,Gone Home,4/2/2020,4/9/2020,https://store.epicgames.com/en-US/p/gone-home
380,97,Hob,4/2/2020,4/9/2020,https://store.epicgames.com/en-US/p/hob
381,96,Totally Reliable Delivery Service,4/1/2020,4/8/2020,https://store.epicgames.com/en-US/p/totally-reliable-delivery-service
382,95,World War Z,3/26/2020,4/2/2020,https://store.epicgames.com/en-US/p/world-war-z
383,94,Tormentor X Punisher,3/26/2020,4/2/2020,https://store.epicgames.com/en-US/p/tormentor-x-punisher
384,93,Figment,3/26/2020,4/2/2020,https://store.epicgames.com/en-US/p/figment
385,92,The Stanley Parable,3/19/2020,3/26/2020,https://store.epicgames.com/en-US/p/the-stanley-parable
386,91,Watch Dogs,3/19/2020,3/26/2020,https://store.epicgames.com/en-US/p/watch-dogs
387,90,Mutazione,3/12/2020,3/19/2020,https://store.epicgames.com/en-US/p/mutazione
388,89,A Short Hike,3/12/2020,3/19/2020,https://store.epicgames.com/en-US/p/a-short-hike
389,88,Anodyne 2: Return to Dust,3/12/2020,3/19/2020,https://store.epicgames.com/en-US/p/anodyne-2-return-to-dust
390,87,GoNNER,3/5/2020,3/12/2020,https://store.epicgames.com/en-US/p/gonner
391,86,Offworld Trading Company,3/5/2020,3/12/2020,https://store.epicgames.com/en-US/p/offworld-trading-company
392,85,InnerSpace,2/27/2020,3/5/2020,https://store.epicgames.com/en-US/p/innerspace
393,84,Assassin’s Creed Syndicate,2/20/2020,2/27/2020,https://store.epicgames.com/en-US/p/assassins-creed-syndicate
394,83,Faeria,2/20/2020,2/27/2020,https://store.epicgames.com/en-US/p/faeria
395,82,Aztez,2/13/2020,2/20/2020,https://store.epicgames.com/en-US/p/aztez
396,81,Kingdom Come: Deliverance,2/13/2020,2/20/2020,https://store.epicgames.com/en-US/p/kingdom-come-deliverance
397,80,Carcassonne,2/6/2020,2/13/2020,https://store.epicgames.com/en-US/p/carcassonne
398,79,Ticket to Ride,2/6/2020,2/13/2020,https://store.epicgames.com/en-US/p/ticket-to-ride
399,78,Farming Simulator 19,1/30/2020,2/6/2020,https://store.epicgames.com/en-US/p/farming-simulator-19
400,77,The Bridge,1/23/2020,1/30/2020,https://store.epicgames.com/en-US/p/the-bridge
401,76,Horace,1/16/2020,1/23/2020,https://store.epicgames.com/en-US/p/horace
402,75,Sundered: Eldritch Edition,1/9/2020,1/16/2020,https://store.epicgames.com/en-US/p/sundered-eldritch-edition
403,74,Darksiders II,1/1/2020,1/9/2020,https://store.epicgames.com/en-US/p/darksiders2
404,73,Darksiders,1/1/2020,1/9/2020,https://store.epicgames.com/en-US/p/darksiders
405,72,Steep,1/1/2020,1/9/2020,https://store.epicgames.com/en-US/p/steep
406,71,Yooka-Laylee and the Impossible Lair,12/31/2019,1/1/2020,https://store.epicgames.com/en-US/p/yooka-laylee-and-the-impossible-lair
407,70,Hello Neighbor,12/30/2019,12/31/2019,https://store.epicgames.com/en-US/p/hello-neighbor
408,69,The Talos Principle,12/29/2019,12/30/2019,https://store.epicgames.com/en-US/p/the-talos-principle
409,68,Shadow Tactics: Blades of the Shogun,12/28/2019,12/29/2019,https://store.epicgames.com/en-US/p/shadow-tactics
410,67,Hyper Light Drifter,12/27/2019,12/28/2019,https://store.epicgames.com/en-US/p/hyper-light-drifter
411,66,FTL: Faster Than Light,12/26/2019,12/27/2019,https://store.epicgames.com/en-US/p/faster-than-light
412,65,Totally Accurate Battle Simulator,12/25/2019,12/26/2019,https://store.epicgames.com/en-US/p/totally-accurate-battle-simulator
413,64,Celeste,12/24/2019,12/25/2019,https://store.epicgames.com/en-US/p/celeste
414,63,Ape Out,12/23/2019,12/24/2019,https://store.epicgames.com/en-US/p/ape-out
415,62,Little Inferno,12/22/2019,12/23/2019,https://store.epicgames.com/en-US/p/little-inferno
416,61,Superhot,12/21/2019,12/22/2019,https://store.epicgames.com/en-US/p/superhot
417,60,TowerFall Ascension,12/20/2019,12/21/2019,https://store.epicgames.com/en-US/p/towerfall-ascension
418,59,Into the Breach,12/19/2019,12/20/2019,https://store.epicgames.com/en-US/p/into-the-breach
419,58,The Escapists,12/12/2019,12/19/2019,https://store.epicgames.com/en-US/p/the-escapists
420,57,The Wolf Among Us,12/12/2019,12/19/2019,https://store.epicgames.com/en-US/p/the-wolf-among-us
421,56,Jotun: Valhalla Edition,12/6/2019,12/12/2019,https://store.epicgames.com/en-US/p/jotun
422,55,Rayman Legends,11/29/2019,12/6/2019,https://store.epicgames.com/en-US/p/rayman-legends
423,54,Bad North,11/21/2019,11/29/2019,https://store.epicgames.com/en-US/p/bad-north
424,53,The Messenger,11/14/2019,11/21/2019,https://store.epicgames.com/en-US/p/the-messenger
425,52,Nuclear Throne,11/7/2019,11/14/2019,https://store.epicgames.com/en-US/p/nuclear-throne
426,51,Ruiner,11/7/2019,11/14/2019,https://store.epicgames.com/en-US/p/ruiner
427,50,Costume Quest,10/31/2019,11/7/2019,https://store.epicgames.com/en-US/p/costume-quest
428,49,SOMA,10/31/2019,11/7/2019,https://store.epicgames.com/en-US/p/soma
429,48,Q.U.B.E. 2,10/24/2019,10/31/2019,https://store.epicgames.com/en-US/p/q-u-b-e-2
430,47,Layers of Fear,10/24/2019,10/31/2019,https://store.epicgames.com/en-US/p/layers-of-fears-85a02b
431,46,Observer,10/17/2019,10/24/2019,https://store.epicgames.com/en-US/p/observer-system-redux
432,45,Alan Wake’s American Nightmare,10/17/2019,10/24/2019,https://store.epicgames.com/en-US/p/alan-wake-american-nightmare
433,44,Surviving Mars,10/10/2019,10/17/2019,https://store.epicgames.com/en-US/p/surviving-mars
434,43,Minit,10/3/2019,10/10/2019,https://store.epicgames.com/en-US/p/minit
435,42,Everything,9/26/2019,10/3/2019,https://store.epicgames.com/en-US/p/everything
436,41,Metro 2033 Redux,9/26/2019,10/3/2019,https://store.epicgames.com/en-US/p/metro-2033-redux
437,40,Batman: Arkham Knight,9/19/2019,9/26/2019,https://store.epicgames.com/en-US/p/batman-arkham-knight
438,39,Batman: Arkham City,9/19/2019,9/26/2019,https://store.epicgames.com/en-US/p/batman-arkham-city
439,38,Batman: Arkham Asylum,9/19/2019,9/26/2019,https://store.epicgames.com/en-US/p/batman-arkham-asylum
440,37,LEGO Batman 3: Beyond Gotham,9/19/2019,9/26/2019,https://store.epicgames.com/en-US/p/lego-batman-3
441,36,LEGO Batman 2: DC Super Heroes,9/19/2019,9/26/2019,https://store.epicgames.com/en-US/p/lego-batman-2
442,35,LEGO Batman: The Videogame,9/19/2019,9/26/2019,https://store.epicgames.com/en-US/p/lego-batman
443,34,Conarium,9/12/2019,9/19/2019,https://store.epicgames.com/en-US/p/conarium
444,33,The End Is Nigh,9/5/2019,9/12/2019,https://store.epicgames.com/en-US/p/the-end-is-nigh
445,32,Abzû,9/5/2019,9/12/2019,https://store.epicgames.com/en-US/p/abzu
446,31,Celeste,8/29/2019,9/5/2019,https://store.epicgames.com/en-US/p/celeste
447,30,Inside,8/29/2019,9/5/2019,https://store.epicgames.com/en-US/p/inside
448,29,Fez,8/22/2019,8/29/2019,https://store.epicgames.com/en-US/p/fez
449,28,Hyper Light Drifter,8/15/2019,8/22/2019,https://store.epicgames.com/en-US/p/hyper-light-drifter
450,27,Mutant Year Zero: Road to Eden,8/15/2019,8/22/2019,https://store.epicgames.com/en-US/p/mutant-year-zero
451,26,GNOG,8/8/2019,8/15/2019,https://store.epicgames.com/en-US/p/gnog
452,25,For Honor,8/2/2019,8/9/2019,https://store.epicgames.com/en-US/p/for-honor
453,24,Alan Wake,8/2/2019,8/9/2019,https://store.epicgames.com/en-US/p/alan-wake
454,23,Moonlighter,7/25/2019,8/2/2019,https://store.epicgames.com/en-US/p/moonlighter
455,22,This War of Mine,7/25/2019,8/2/2019,https://store.epicgames.com/en-US/p/this-war-of-mine
456,21,Limbo,7/17/2019,7/25/2019,https://store.epicgames.com/en-US/p/limbo
457,20,Torchlight,7/11/2019,7/18/2019,https://store.epicgames.com/en-US/p/torchlight
458,19,Overcooked,7/4/2019,7/11/2019,https://store.epicgames.com/en-US/p/overcooked
459,18,Last Day of June,6/27/2019,7/4/2019,https://store.epicgames.com/en-US/p/last-day-of-june
460,17,Rebel Galaxy,6/20/2019,6/27/2019,https://store.epicgames.com/en-US/p/rebel-galaxy
461,16,Enter the Gungeon,6/13/2019,6/20/2019,https://store.epicgames.com/en-US/p/enter-the-gungeon
462,15,Kingdom: New Lands,6/6/2019,6/13/2019,https://store.epicgames.com/en-US/p/kingdom-new-lands
463,14,City of Brass,5/30/2019,6/6/2019,https://store.epicgames.com/en-US/p/city-of-brass
464,13,RiME,5/23/2019,5/30/2019,https://store.epicgames.com/en-US/p/rime
465,12,Stories Untold,5/16/2019,5/30/2019,https://store.epicgames.com/en-US/p/stories-untold
466,11,World of Goo,5/2/2019,5/16/2019,https://store.epicgames.com/en-US/p/world-of-goo
467,10,Transistor,4/18/2019,5/2/2019,https://store.epicgames.com/en-US/p/transistor
468,9,The Witness,4/4/2019,4/18/2019,https://store.epicgames.com/en-US/p/the-witness
469,8,Oxenfree,3/21/2019,4/4/2019,https://store.epicgames.com/en-US/p/oxenfree
470,7,Slime Rancher,3/7/2019,3/21/2019,https://store.epicgames.com/en-US/p/slime-rancher
471,6,Thimbleweed Park,2/22/2019,3/7/2019,https://store.epicgames.com/en-US/p/thimbleweed-park
472,5,Axiom Verge,2/7/2019,2/22/2019,https://store.epicgames.com/en-US/p/axiom-verge
473,4,The Jackbox Party Pack,1/24/2019,2/7/2019,https://store.epicgames.com/en-US/p/jackbox-party-pack-1
474,3,What Remains of Edith Finch,1/11/2019,1/24/2019,https://store.epicgames.com/en-US/p/what-remains-of-edith-finch
475,2,Super Meat Boy,12/28/2018,1/10/2019,https://store.epicgames.com/en-US/p/super-meat-boy
476,1,Subnautica,12/12/2018,12/27/2018,https://store.epicgames.com/en-US/p/subnautica
